"clean_window","correlation","p_value","PVE","ZW_norm","abs_ZW","wza_rank","n_SNPs","pve_rank","tier"
"NC_071294.1_0_250000.vcf",-0.474918993804006,0.11871117936176,0.22554805067581,0.947427420035695,0.947427420035695,717,1351,392,NA
"NC_071294.1_1000000_1250000.vcf",-0.520317373597111,0.0828795098829122,0.270730169266995,0.91713501677322,0.91713501677322,751,1649,247,NA
"NC_071294.1_10000000_10250000.vcf",-0.0345614865393502,0.915081657887412,0.00119449635180968,-1.30520946840286,1.30520946840286,355,3594,2056,NA
"NC_071294.1_10125000_10375000.vcf",0.402753017757582,0.194261921158656,0.162209993312839,-0.94845344135308,0.94845344135308,715,3338,858,NA
"NC_071294.1_10250000_10500000.vcf",0.400411814014803,0.197113148757826,0.160329620802625,-1.08688787012119,1.08688787012119,553,3453,874,NA
"NC_071294.1_10375000_10625000.vcf",0.016760350370326,0.958769269936577,0.000280909344536086,-1.31159294419588,1.31159294419588,351,3938,2114,NA
"NC_071294.1_10500000_10750000.vcf",0.0579297835208463,0.858074388733262,0.00335585981877212,-0.930246920266055,0.930246920266055,734,2771,1984,NA
"NC_071294.1_10625000_10875000.vcf",0.0932637246299006,0.773124864613025,0.00869812233184192,-0.78054498456539,0.78054498456539,931,2418,1881,NA
"NC_071294.1_10750000_11000000.vcf",0.169665759678406,0.598079515338608,0.0287864700072506,-0.185832826121306,0.185832826121306,1849,2982,1660,NA
"NC_071294.1_10875000_11125000.vcf",-0.548865124146119,0.0645895481558786,0.301252924503935,0.416556145199155,0.416556145199155,1482,3159,202,NA
"NC_071294.1_11000000_11250000.vcf",-0.47311424668434,0.120315957494868,0.223837090415691,0.354123395296702,0.354123395296702,1577,2202,402,NA
"NC_071294.1_11125000_11375000.vcf",-0.403437213747075,0.193433502059046,0.162761585436003,-1.61411810534075,1.61411810534075,197,1943,855,NA
"NC_071294.1_1125000_1375000.vcf",0.539317965334745,0.0703599498285076,0.290863867732809,1.76316510228124,1.76316510228124,151,1547,219,NA
"NC_071294.1_11250000_11500000.vcf",0.0467353026782964,0.885321629095277,0.00218418851643198,-1.6211676846609,1.6211676846609,196,3121,2018,NA
"NC_071294.1_11375000_11625000.vcf",0.0923008152931178,0.775413973918369,0.00851944050377425,-1.32821596342954,1.32821596342954,334,3185,1884,NA
"NC_071294.1_11500000_11750000.vcf",-0.480004616930724,0.114265012965633,0.230404432274811,-0.735436914136441,0.735436914136441,983,2306,360,NA
"NC_071294.1_11625000_11875000.vcf",-0.455350281629885,0.13687458567079,0.207343878980415,0.397231250176712,0.397231250176712,1511,1038,493,NA
"NC_071294.1_11750000_12000000.vcf",-0.504738696499168,0.0942112777412506,0.254761151743679,0.720687289243988,0.720687289243988,1007,1219,270,NA
"NC_071294.1_11875000_12125000.vcf",-0.493542285797518,0.102969911805706,0.243583987870239,0.564572423533375,0.564572423533375,1253,2202,302,NA
"NC_071294.1_12000000_12250000.vcf",0.130901583553257,0.68510674027145,0.0171352245767503,-0.0292883978664466,0.0292883978664466,2119,2922,1769,NA
"NC_071294.1_12125000_12375000.vcf",0.351761004836691,0.262166037934537,0.123735804523719,0.185693444020578,0.185693444020578,1850,2058,1059,NA
"NC_071294.1_12250000_12500000.vcf",-0.457940291098823,0.13437336715114,0.209709310211674,0.903788439519073,0.903788439519073,768,1035,477,NA
"NC_071294.1_12375000_12625000.vcf",-0.464081192574551,0.128562096757345,0.215371353301417,-0.371859425904792,0.371859425904792,1553,809,435,NA
"NC_071294.1_125000_375000.vcf",-0.348732256407681,0.266581845225636,0.121614186659193,0.0333959935064697,0.0333959935064697,2114,1648,1067,NA
"NC_071294.1_1250000_1500000.vcf",-0.588954197657188,0.0439150809044598,0.346867046938022,1.78516457038325,1.78516457038325,141,2906,125,NA
"NC_071294.1_1375000_1625000.vcf",-0.521864814788714,0.0818071319384838,0.272342884914459,1.88891967094509,1.88891967094509,119,4140,242,NA
"NC_071294.1_1500000_1750000.vcf",-0.464661154098594,0.128021889693179,0.215909988128237,0.474563502793175,0.474563502793175,1386,3571,432,NA
"NC_071294.1_1625000_1875000.vcf",-0.335427436492142,0.286484445417197,0.11251156515169,-0.303540101020546,0.303540101020546,1663,3408,1100,NA
"NC_071294.1_1750000_2000000.vcf",-0.396694517000293,0.2016928068914,0.157366539818096,-0.923278568142277,0.923278568142277,745,3788,892,NA
"NC_071294.1_1875000_2125000.vcf",-0.502395333646741,0.0960013679199914,0.25240107127002,-1.12572645403024,1.12572645403024,505,3563,274,NA
"NC_071294.1_2000000_2250000.vcf",0.267100836642894,0.401327925195406,0.071342856935334,-0.791302978705344,0.791302978705344,917,3212,1323,NA
"NC_071294.1_2125000_2375000.vcf",-0.125859823858285,0.696716127814653,0.0158406952616386,-0.555319847743244,0.555319847743244,1270,2404,1787,NA
"NC_071294.1_2250000_2500000.vcf",-0.384191848792939,0.217570052520308,0.147603376678936,-1.0103378589336,1.0103378589336,631,2144,960,NA
"NC_071294.1_2375000_2625000.vcf",0.0251024128328338,0.938276403688213,0.000630131130030019,-1.1700581482381,1.1700581482381,464,3394,2083,NA
"NC_071294.1_250000_500000.vcf",-0.324832492950558,0.302918052227626,0.105516148476474,-0.0376728226755953,0.0376728226755953,2107,2551,1131,NA
"NC_071294.1_2500000_2750000.vcf",0.0657773072898066,0.839056358514415,0.00432665415429765,-1.28104739728619,1.28104739728619,374,3644,1955,NA
"NC_071294.1_2625000_2875000.vcf",0.0896243512156673,0.781785265354612,0.00803252433082929,-1.01626576171318,1.01626576171318,623,3471,1892,NA
"NC_071294.1_2750000_3000000.vcf",-0.0470138083725976,0.884642247959564,0.00221029817769533,-1.18103235439821,1.18103235439821,455,3988,2016,NA
"NC_071294.1_2875000_3125000.vcf",-0.1307869367806,0.685370048249691,0.0171052228324527,-1.47589822308366,1.47589822308366,247,4290,1771,NA
"NC_071294.1_3000000_3250000.vcf",-0.384717096384403,0.216888310457291,0.148007244250446,-1.09055335188433,1.09055335188433,548,3834,955,NA
"NC_071294.1_3125000_3375000.vcf",-0.436525663570543,0.155959503077364,0.190554654955703,-0.414687298367917,0.414687298367917,1485,2441,568,NA
"NC_071294.1_3250000_3500000.vcf",0.521697000969036,0.0819229681862085,0.272167760820086,0.764535794808008,0.764535794808008,950,1552,243,NA
"NC_071294.1_3375000_3625000.vcf",-0.435119134258623,0.157449947447524,0.189328660997973,0.832954862358376,0.832954862358376,871,1471,572,NA
"NC_071294.1_3500000_3750000.vcf",-0.432545071723165,0.160200970947852,0.187095239071998,0.712964115792508,0.712964115792508,1026,1857,587,NA
"NC_071294.1_3625000_3875000.vcf",0.497389865918483,0.0999011815516622,0.247396678718406,0.658745494931076,0.658745494931076,1114,2118,288,NA
"NC_071294.1_375000_625000.vcf",-0.408186639358302,0.187743046914724,0.166616332550625,0.237871516340889,0.237871516340889,1764,3237,835,NA
"NC_071294.1_3750000_4000000.vcf",0.567948475071915,0.0540529676727172,0.322565470336514,0.818252325118764,0.818252325118764,885,1734,161,NA
"NC_071294.1_3875000_4125000.vcf",0.382111434611301,0.220283011658749,0.146009148460707,0.457824741204771,0.457824741204771,1412,1730,963,NA
"NC_071294.1_4000000_4250000.vcf",0.0127667595652086,0.96858862943992,0.000162990149795845,-0.196711529425552,0.196711529425552,1836,1987,2134,NA
"NC_071294.1_4125000_4375000.vcf",-0.410800205584403,0.184656410228743,0.168756808908188,-0.733220959634982,0.733220959634982,986,1868,815,NA
"NC_071294.1_4250000_4500000.vcf",-0.4405394641201,0.151755774256081,0.194075019447225,-1.23229130201006,1.23229130201006,419,1783,547,NA
"NC_071294.1_4375000_4625000.vcf",0.377885755139777,0.225855926999885,0.14279764393756,-1.06484202416292,1.06484202416292,574,2317,981,NA
"NC_071294.1_4500000_4750000.vcf",-0.478549936553024,0.115525368121016,0.229010041774903,-1.11707777944694,1.11707777944694,517,1896,366,NA
"NC_071294.1_4625000_4875000.vcf",-0.433918030274183,0.158729857234059,0.188284856997027,-1.39967927584157,1.39967927584157,287,1507,581,NA
"NC_071294.1_4750000_5000000.vcf",0.407896672438195,0.188087456827267,0.166379695386152,-0.594660800945656,0.594660800945656,1209,1876,837,NA
"NC_071294.1_4875000_5125000.vcf",0.299719762646761,0.343911670693851,0.089831936121031,0.493298114254859,0.493298114254859,1366,1680,1201,NA
"NC_071294.1_500000_750000.vcf",0.479757668053479,0.114478329929424,0.230167420056113,-0.252229721609678,0.252229721609678,1739,2743,361,NA
"NC_071294.1_5000000_5250000.vcf",0.301030016242315,0.341702691190671,0.0906190706788487,-0.149907610522304,0.149907610522304,1907,1175,1198,NA
"NC_071294.1_5125000_5375000.vcf",0.303130967055627,0.338176637912952,0.0918883831880798,-0.0238634130294509,0.0238634130294509,2127,1184,1191,NA
"NC_071294.1_5250000_5500000.vcf",0.305319835487784,0.334524014985305,0.0932202019422875,0.600441022285709,0.600441022285709,1200,1567,1179,NA
"NC_071294.1_5375000_5625000.vcf",0.310084688364948,0.326647105086517,0.0961525139583869,0.747095822379961,0.747095822379961,970,953,1168,NA
"NC_071294.1_5500000_5750000.vcf",0.277340621197621,0.382808330469544,0.0769178201662822,0.172774354382923,0.172774354382923,1865,288,1283,NA
"NC_071294.1_5625000_5875000.vcf",0.244992943338847,0.442805157198144,0.0600215422858317,0.407910411821809,0.407910411821809,1496,277,1398,NA
"NC_071294.1_5750000_6000000.vcf",0.296557289351687,0.349274778967378,0.08794622586762,0.837570311054511,0.837570311054511,866,371,1213,NA
"NC_071294.1_5875000_6125000.vcf",0.299624096156355,0.344073255870767,0.0897745989975126,1.07019079328559,1.07019079328559,568,404,1202,NA
"NC_071294.1_6000000_6250000.vcf",0.29403149816239,0.353589994035947,0.0864545219116194,1.46612213701069,1.46612213701069,250,521,1223,NA
"NC_071294.1_6125000_6375000.vcf",0.296953906273347,0.348599739019857,0.0881816224509995,0.998621740873082,0.998621740873082,649,1045,1210,NA
"NC_071294.1_625000_875000.vcf",-0.411202298461808,0.18418435365116,0.169087330260273,-0.981177270465086,0.981177270465086,674,1517,808,NA
"NC_071294.1_6250000_6500000.vcf",0.293885470977601,0.353840337708813,0.0863686700517262,-0.525353457259874,0.525353457259874,1327,1259,1225,NA
"NC_071294.1_6375000_6625000.vcf",-0.0057139878166102,0.985938845238723,3.26496567683698e-05,-1.18196656209477,1.18196656209477,454,1596,2151,NA
"NC_071294.1_6500000_6750000.vcf",0.355276463879555,0.257094225367987,0.12622136578676,-0.968212330348832,0.968212330348832,692,1797,1044,NA
"NC_071294.1_6625000_6875000.vcf",0.336673985370016,0.284584936891921,0.11334937242493,-0.84407961153264,0.84407961153264,851,1732,1096,NA
"NC_071294.1_6750000_7000000.vcf",0.353831179737129,0.259172385325917,0.125196503754168,-0.808886296332401,0.808886296332401,894,1418,1050,NA
"NC_071294.1_6875000_7125000.vcf",0.395674184026414,0.202961133340315,0.156558059904968,0.20695075011426,0.20695075011426,1825,1262,902,NA
"NC_071294.1_7000000_7250000.vcf",0.43277343907383,0.159955679651876,0.18729284956779,0.527104427510821,0.527104427510821,1322,1651,586,NA
"NC_071294.1_7125000_7375000.vcf",-0.415355259205136,0.179352679277274,0.172519991349366,-0.420225673520847,0.420225673520847,1473,1907,673,NA
"NC_071294.1_7250000_7500000.vcf",0.344796088178569,0.272384409766668,0.118884342423244,-0.882221408566021,0.882221408566021,801,1906,1074,NA
"NC_071294.1_7375000_7625000.vcf",0.193680478684336,0.546413361187731,0.0375121278233935,-0.766865520057339,0.766865520057339,945,1882,1577,NA
"NC_071294.1_750000_1000000.vcf",0.481684432128387,0.112820936705485,0.232019892154847,1.35167627043954,1.35167627043954,319,1629,355,NA
"NC_071294.1_7500000_7750000.vcf",-0.210333716076398,0.511724317358208,0.0442402721185069,-0.733911630940558,0.733911630940558,985,1935,1511,NA
"NC_071294.1_7625000_7875000.vcf",0.211326045106732,0.509688348058845,0.0446586973404524,-0.945557104342192,0.945557104342192,719,1799,1510,NA
"NC_071294.1_7750000_8000000.vcf",0.221169114251592,0.489688611577474,0.0489157770988337,-0.961845737836693,0.961845737836693,702,1898,1481,NA
"NC_071294.1_7875000_8125000.vcf",0.298523742880722,0.345934729895231,0.0891164250635155,-0.885276682172947,0.885276682172947,797,1869,1205,NA
"NC_071294.1_8000000_8250000.vcf",0.272734796670122,0.391083179271616,0.0743842693146928,-0.87132050734913,0.87132050734913,818,1854,1295,NA
"NC_071294.1_8125000_8375000.vcf",0.303698727392815,0.337227141948386,0.0922329170200156,-0.885522070212906,0.885522070212906,796,2154,1188,NA
"NC_071294.1_8250000_8500000.vcf",0.312921694374762,0.322005742313787,0.0979199868103717,-0.866401157764376,0.866401157764376,821,2308,1166,NA
"NC_071294.1_8375000_8625000.vcf",0.31929272845132,0.311715502299897,0.101947846441888,-0.889440849807356,0.889440849807356,788,1879,1148,NA
"NC_071294.1_8500000_8750000.vcf",0.325381018313609,0.302054594502188,0.105872807078801,-0.837961152951587,0.837961152951587,864,1759,1129,NA
"NC_071294.1_8625000_8875000.vcf",0.400855008465898,0.19657144362497,0.160684737812195,-0.684963766474568,0.684963766474568,1067,2218,870,NA
"NC_071294.1_875000_1125000.vcf",0.552391042003806,0.0625438986395674,0.305135863286051,1.24677565102689,1.24677565102689,405,2103,193,NA
"NC_071294.1_8750000_9000000.vcf",0.360387466007824,0.249823378810622,0.129879125655541,-0.450549621216479,0.450549621216479,1421,2505,1036,NA
"NC_071294.1_8875000_9125000.vcf",0.392065937776494,0.207485409266475,0.153715699564562,-0.428688705638899,0.428688705638899,1465,2860,923,NA
"NC_071294.1_9000000_9250000.vcf",0.400860926813,0.196564215983719,0.160689482645378,-0.605261122808639,0.605261122808639,1190,3049,869,NA
"NC_071294.1_9125000_9375000.vcf",0.388636682976095,0.211841704229867,0.151038471354662,-0.510905384745452,0.510905384745452,1342,2418,939,NA
"NC_071294.1_9250000_9500000.vcf",0.362655833364087,0.246635536740657,0.131519253473001,-0.417612544942742,0.417612544942742,1480,2406,1031,NA
"NC_071294.1_9375000_9625000.vcf",0.377035492323664,0.226987383461731,0.142155762471748,-0.446253891188784,0.446253891188784,1430,2923,983,NA
"NC_071294.1_9500000_9750000.vcf",0.459596303048145,0.132789777962855,0.211228761775522,-0.56596062766905,0.56596062766905,1249,2440,472,NA
"NC_071294.1_9625000_9875000.vcf",-0.400462323507106,0.197051366030583,0.16037007254871,-1.088324869073,1.088324869073,551,2586,872,NA
"NC_071294.1_9750000_10000000.vcf",0.185065596142166,0.564732195040181,0.0342492748754553,-1.30851119612579,1.30851119612579,352,2662,1606,NA
"NC_071294.1_9875000_10125000.vcf",0.014056574596439,0.965416760178916,0.000197587289385255,-1.38699078742117,1.38699078742117,294,2820,2130,NA
"NC_071295.1_0_250000.vcf",0.10492319690587,0.745543341899022,0.0110088772489479,-0.788331070404067,0.788331070404067,922,457,1844,NA
"NC_071295.1_1000000_1250000.vcf",-0.35327863078849,0.259969464421831,0.12480579097179,-1.07043678348208,1.07043678348208,566,3615,1055,NA
"NC_071295.1_10000000_10250000.vcf",-0.462318190610229,0.130213370886577,0.213738109369116,0.819560590031157,0.819560590031157,883,1633,452,NA
"NC_071295.1_10125000_10375000.vcf",-0.498392303729425,0.0991118292373726,0.248394888416724,1.06302754149944,1.06302754149944,575,1972,285,NA
"NC_071295.1_10250000_10500000.vcf",0.430261236871439,0.162667187960974,0.18512473195414,0.976461728566685,0.976461728566685,683,2364,599,NA
"NC_071295.1_10375000_10625000.vcf",0.476768593036211,0.117081195860909,0.227308291305728,1.03923483417975,1.03923483417975,600,2762,379,NA
"NC_071295.1_10500000_10750000.vcf",0.658274101974533,0.0199481026049077,0.433324793330378,1.41179194344572,1.41179194344572,280,2617,60,NA
"NC_071295.1_10625000_10875000.vcf",-0.559410304441733,0.0586060649105378,0.312939888715593,1.24270981115027,1.24270981115027,409,2536,180,NA
"NC_071295.1_10750000_11000000.vcf",-0.472799681600405,0.120597118871871,0.223539538921444,0.524911324420244,0.524911324420244,1329,2615,403,NA
"NC_071295.1_10875000_11125000.vcf",0.491888399444867,0.104308113659416,0.241954197508433,0.538685179444707,0.538685179444707,1296,2923,315,NA
"NC_071295.1_11000000_11250000.vcf",0.515459290532746,0.0863081427014134,0.265698280196522,0.76286295909998,0.76286295909998,952,2956,253,NA
"NC_071295.1_11125000_11375000.vcf",-0.455107843081358,0.137110244343118,0.207123148834166,0.675663270148817,0.675663270148817,1082,2587,495,NA
"NC_071295.1_1125000_1375000.vcf",-0.380242917454107,0.222736932513112,0.144584676274011,-0.975044947849131,0.975044947849131,686,2879,972,NA
"NC_071295.1_11250000_11500000.vcf",-0.431163706954125,0.161689794158763,0.185902142194422,0.0766548611832926,0.0766548611832926,2044,2927,595,NA
"NC_071295.1_11375000_11625000.vcf",-0.379252108134998,0.224044798381213,0.14383216152484,-0.351906112178295,0.351906112178295,1581,3184,976,NA
"NC_071295.1_11500000_11750000.vcf",-0.248604346166702,0.43589313781944,0.0618041209329733,-0.151209974590443,0.151209974590443,1902,2831,1380,NA
"NC_071295.1_11625000_11875000.vcf",0.467167857655055,0.125704057277605,0.218245807226014,-0.028133099725276,0.028133099725276,2120,2704,423,NA
"NC_071295.1_11750000_12000000.vcf",-0.130047536213287,0.687068992258877,0.0169123616751462,-0.343957135474044,0.343957135474044,1595,1780,1774,NA
"NC_071295.1_11875000_12125000.vcf",-0.412642592706561,0.182499610593964,0.170273909315593,-0.315222235997772,0.315222235997772,1646,741,766,NA
"NC_071295.1_12000000_12250000.vcf",0.444195825909301,0.147990066634514,0.197309931755246,-1.09462437510693,1.09462437510693,546,1764,536,NA
"NC_071295.1_12125000_12375000.vcf",0.416732891477859,0.17776756222318,0.173666302839497,-0.998591063796964,0.998591063796964,650,2497,667,NA
"NC_071295.1_12250000_12500000.vcf",-0.337519577471407,0.283300498261037,0.113919465176477,-1.13053790400644,1.13053790400644,504,1365,1092,NA
"NC_071295.1_125000_375000.vcf",0.0810072147630562,0.802380294858831,0.00656216884366791,-1.06934472994097,1.06934472994097,569,741,1913,NA
"NC_071295.1_1250000_1500000.vcf",-0.347023522174308,0.269091956183975,0.120425324942263,-0.980659098210781,0.980659098210781,675,2270,1071,NA
"NC_071295.1_1375000_1625000.vcf",-0.229697023805413,0.472654094323598,0.0527607227450645,-1.04188528404935,1.04188528404935,597,1792,1456,NA
"NC_071295.1_1500000_1750000.vcf",0.0195064831364981,0.95202011015118,0.000380502884354484,-0.382470403133983,0.382470403133983,1540,2061,2108,NA
"NC_071295.1_1625000_1875000.vcf",0.0137994467112058,0.966049044955635,0.000190424729535408,-0.0422543231049606,0.0422543231049606,2096,3044,2131,NA
"NC_071295.1_1750000_2000000.vcf",-0.0312505497529501,0.92319440332866,0.000976596859861612,-0.156229343649737,0.156229343649737,1891,2663,2063,NA
"NC_071295.1_1875000_2125000.vcf",0.492490230366892,0.103819823256777,0.242546627006834,-0.349643154602474,0.349643154602474,1588,2911,312,NA
"NC_071295.1_2000000_2250000.vcf",0.491022218531434,0.105013564574386,0.241102819091532,-0.334210517115236,0.334210517115236,1614,3052,320,NA
"NC_071295.1_2125000_2375000.vcf",0.400351316745067,0.197187164109156,0.160281176819509,-0.9384559480253,0.9384559480253,726,2569,875,NA
"NC_071295.1_2250000_2500000.vcf",0.465288064968136,0.127439619722537,0.216492983401792,-1.36155296960074,1.36155296960074,315,3172,429,NA
"NC_071295.1_2375000_2625000.vcf",0.433516773843022,0.159158908997412,0.187936793203262,-1.32582102281253,1.32582102281253,337,2752,583,NA
"NC_071295.1_250000_500000.vcf",0.15636341185386,0.627470834800559,0.0244495165665798,-1.08996127786089,1.08996127786089,550,1442,1698,NA
"NC_071295.1_2500000_2750000.vcf",0.479566216849561,0.114643888272633,0.2299837563434,-1.3132078971443,1.3132078971443,347,2339,364,NA
"NC_071295.1_2625000_2875000.vcf",0.344296915585582,0.273125416509202,0.118540366081745,-1.33176429237585,1.33176429237585,333,2571,1077,NA
"NC_071295.1_2750000_3000000.vcf",0.43982497323017,0.152498714447746,0.19344600707692,-1.07785928223193,1.07785928223193,560,2683,555,NA
"NC_071295.1_2875000_3125000.vcf",0.506021735157648,0.0932407422632456,0.256057996451957,-0.341856996311288,0.341856996311288,1602,2216,267,NA
"NC_071295.1_3000000_3250000.vcf",-0.49346921035515,0.103028795861555,0.243511861568535,0.453447470216339,0.453447470216339,1419,1405,305,NA
"NC_071295.1_3125000_3375000.vcf",0.497907367031052,0.0994931609879881,0.247911746143794,-0.553101385509987,0.553101385509987,1272,1467,286,NA
"NC_071295.1_3250000_3500000.vcf",0.495074116611526,0.101740729868337,0.245098380938683,-0.893948960997652,0.893948960997652,783,1852,295,NA
"NC_071295.1_3375000_3625000.vcf",0.440644412480289,0.151646842364397,0.194167498250099,-1.08393204300559,1.08393204300559,556,2351,546,NA
"NC_071295.1_3500000_3750000.vcf",0.412166167705688,0.183055829259076,0.169880949801193,-0.976115082266345,0.976115082266345,685,2282,790,NA
"NC_071295.1_3625000_3875000.vcf",0.297517315365339,0.347642018375544,0.0885165529421985,-0.932560253341332,0.932560253341332,733,1993,1209,NA
"NC_071295.1_375000_625000.vcf",0.049830275506254,0.877775893747511,0.00248305635702918,-0.800143666352083,0.800143666352083,908,1763,2011,NA
"NC_071295.1_3750000_4000000.vcf",0.5705600157669,0.0527112615717512,0.325538731591926,-1.10230077155037,1.10230077155037,536,1726,157,NA
"NC_071295.1_3875000_4125000.vcf",0.558120339575872,0.059316428285646,0.311498313448287,-0.935583529952368,0.935583529952368,729,1522,184,NA
"NC_071295.1_4000000_4250000.vcf",0.537480414904241,0.0715099112404846,0.288885196405635,-0.917021360569478,0.917021360569478,753,1885,222,NA
"NC_071295.1_4125000_4375000.vcf",0.503798162114167,0.0949270306411904,0.253812588149612,-0.332886766613896,0.332886766613896,1619,2563,273,NA
"NC_071295.1_4250000_4500000.vcf",0.40372774171252,0.1930823931434,0.162996089428291,-0.125517830266294,0.125517830266294,1958,2233,854,NA
"NC_071295.1_4375000_4625000.vcf",0.340204536657891,0.279244015115273,0.11573912676261,-0.358130901491462,0.358130901491462,1567,1431,1083,NA
"NC_071295.1_4500000_4750000.vcf",0.361587471003373,0.248133958855175,0.130745499186615,-0.337817680241385,0.337817680241385,1606,2242,1034,NA
"NC_071295.1_4625000_4875000.vcf",0.414600698420685,0.180224610881145,0.17189373913092,-0.276046444694222,0.276046444694222,1706,3139,683,NA
"NC_071295.1_4750000_5000000.vcf",0.389873494657869,0.210264196141649,0.152001341836739,-0.292874405866101,0.292874405866101,1684,3339,935,NA
"NC_071295.1_4875000_5125000.vcf",0.434744773268524,0.157848164089333,0.189003017884301,-0.313715681182907,0.313715681182907,1647,2542,575,NA
"NC_071295.1_500000_750000.vcf",-0.221458091067891,0.489106879908695,0.0490436860994343,-0.857002881066752,0.857002881066752,835,1598,1480,NA
"NC_071295.1_5000000_5250000.vcf",0.48826313919384,0.107281819637282,0.238400893095423,-0.0693243655084112,0.0693243655084112,2055,2237,331,NA
"NC_071295.1_5125000_5375000.vcf",0.542332930505791,0.0685008160078045,0.294125007510999,-0.0371625725554886,0.0371625725554886,2108,2859,212,NA
"NC_071295.1_5250000_5500000.vcf",0.401756283059624,0.195472665835496,0.161408110977884,0.0474985334463894,0.0474985334463894,2089,2520,866,NA
"NC_071295.1_5375000_5625000.vcf",0.0901929892227128,0.780430585224558,0.00813477530492839,0.0560349272687635,0.0560349272687635,2074,1651,1890,NA
"NC_071295.1_5500000_5750000.vcf",0.246989572300079,0.438977235201977,0.061003848824976,-0.248819371880815,0.248819371880815,1746,901,1385,NA
"NC_071295.1_5625000_5875000.vcf",0.499200917478135,0.0984781512279047,0.249201556011012,0.691260955657485,0.691260955657485,1059,930,284,NA
"NC_071295.1_5750000_6000000.vcf",0.795359732916203,0.00198170225119279,0.632597104744533,3.30925375333285,3.30925375333285,17,1451,10,"Top 1% (both)"
"NC_071295.1_5875000_6125000.vcf",0.816186148800595,0.00120292708863125,0.666159829493947,6.14411232486548,6.14411232486548,2,1254,5,"Top 1% (both)"
"NC_071295.1_6000000_6250000.vcf",0.831470685558838,0.000800896466961826,0.691343500943683,7.93661462689959,7.93661462689959,1,765,2,"Top 1% (both)"
"NC_071295.1_6125000_6375000.vcf",0.758334074952446,0.00425504230265771,0.575070569233982,5.16785220573567,5.16785220573567,5,946,18,"Top 1% (both)"
"NC_071295.1_625000_875000.vcf",-0.36905583507816,0.237771090115666,0.136202209405238,-1.21158028325997,1.21158028325997,425,1166,1009,NA
"NC_071295.1_6250000_6500000.vcf",-0.319892622108119,0.310756078823064,0.102331289679208,4.48794917440293,4.48794917440293,8,1068,1145,NA
"NC_071295.1_6375000_6625000.vcf",0.355370926773274,0.256958737382465,0.126288495595696,3.70236404044415,3.70236404044415,12,852,1043,NA
"NC_071295.1_6500000_6750000.vcf",0.577193498092056,0.0494084452062918,0.333152334239745,4.16188828042558,4.16188828042558,9,766,145,NA
"NC_071295.1_6625000_6875000.vcf",0.796070917963891,0.00195000816945437,0.633728906427872,4.67554626822691,4.67554626822691,6,1280,9,"Top 1% (both)"
"NC_071295.1_6750000_7000000.vcf",0.850307779138357,0.000457827323965074,0.723023319263205,3.40833871417437,3.40833871417437,14,1693,1,"Top 1% (both)"
"NC_071295.1_6875000_7125000.vcf",0.76150561465558,0.00400627565305822,0.579890801151973,3.02265975723781,3.02265975723781,19,1733,17,"Top 1% (both)"
"NC_071295.1_7000000_7250000.vcf",0.809037673808532,0.00143720612715232,0.654541957641521,2.49977149858663,2.49977149858663,48,2166,7,NA
"NC_071295.1_7125000_7375000.vcf",0.580639361937044,0.0477514788415318,0.337142068630657,2.1512804252565,2.1512804252565,69,2088,140,NA
"NC_071295.1_7250000_7500000.vcf",0.631953643949525,0.0274833301360321,0.399365408101083,2.52722356389069,2.52722356389069,46,1499,79,NA
"NC_071295.1_7375000_7625000.vcf",0.600825486585947,0.0388231096373468,0.36099126533124,2.75999089831689,2.75999089831689,30,1300,110,NA
"NC_071295.1_750000_1000000.vcf",0.410981380657245,0.184443617948507,0.168905695246935,-0.675805777444242,0.675805777444242,1081,2147,812,NA
"NC_071295.1_7500000_7750000.vcf",0.685385561922625,0.0138921753192469,0.469753368491992,2.62039581831282,2.62039581831282,40,1894,42,"Top 2% (both)"
"NC_071295.1_7625000_7875000.vcf",0.830123138179415,0.00083143505470061,0.68910442454084,2.94158794891437,2.94158794891437,23,2345,3,"Top 2% (both)"
"NC_071295.1_7750000_8000000.vcf",0.618776933184216,0.0319425752018568,0.382884893040864,1.43516478876954,1.43516478876954,264,2371,91,NA
"NC_071295.1_7875000_8125000.vcf",-0.430670926831098,0.162223022742293,0.185477447217557,-0.418316435737972,0.418316435737972,1479,2491,597,NA
"NC_071295.1_8000000_8250000.vcf",0.207917557187638,0.516696432103658,0.0432297105868746,-0.886445384804133,0.886445384804133,795,2051,1532,NA
"NC_071295.1_8125000_8375000.vcf",-0.33233810724612,0.291222910815465,0.110448617527933,-0.646891375927631,0.646891375927631,1134,2162,1107,NA
"NC_071295.1_8250000_8500000.vcf",-0.482914040568053,0.111771572091942,0.233205970577763,-0.590823885125311,0.590823885125311,1217,3230,352,NA
"NC_071295.1_8375000_8625000.vcf",-0.462878567064396,0.129687018326771,0.214256567847588,-0.615885686841515,0.615885686841515,1176,3135,448,NA
"NC_071295.1_8500000_8750000.vcf",0.00580999336388131,0.985702612962718,3.37560228883449e-05,-0.606221019698657,0.606221019698657,1186,2952,2150,NA
"NC_071295.1_8625000_8875000.vcf",-0.165754220860895,0.60666737730278,0.0274744617332024,-0.670229996092835,0.670229996092835,1094,2921,1671,NA
"NC_071295.1_875000_1125000.vcf",0.202779286256853,0.527339628184212,0.0411194389348386,-0.899571205129758,0.899571205129758,778,3758,1551,NA
"NC_071295.1_8750000_9000000.vcf",-0.0778361027983011,0.809989131757071,0.0060584588988277,-0.668178351847984,0.668178351847984,1097,2850,1923,NA
"NC_071295.1_8875000_9125000.vcf",0.392743810911669,0.206630798660222,0.154247701009421,-0.696142432721215,0.696142432721215,1051,2972,921,NA
"NC_071295.1_9000000_9250000.vcf",-0.411414250939517,0.183935823913916,0.169261685876124,-0.897073538846703,0.897073538846703,780,1897,803,NA
"NC_071295.1_9125000_9375000.vcf",-0.487828013922807,0.107642485513609,0.237976171167871,-0.0732178682821815,0.0732178682821815,2048,1257,333,NA
"NC_071295.1_9250000_9500000.vcf",-0.493961803371876,0.102632299743689,0.243998263190396,0.261526035311004,0.261526035311004,1730,1509,298,NA
"NC_071295.1_9375000_9625000.vcf",0.519974500145041,0.0831184077712034,0.270373480801085,1.26332940367034,1.26332940367034,393,2475,248,NA
"NC_071295.1_9500000_9750000.vcf",0.699782899138034,0.0112935138649788,0.489696105926032,1.89503746747312,1.89503746747312,116,3629,34,NA
"NC_071295.1_9625000_9875000.vcf",0.662267987165943,0.018953253342404,0.438598886824829,1.4868985065917,1.4868985065917,240,3154,55,NA
"NC_071295.1_9750000_10000000.vcf",0.447119592865723,0.145022379977163,0.19991593032441,1.40570396035816,1.40570396035816,283,2254,525,NA
"NC_071295.1_9875000_10125000.vcf",-0.458220109606993,0.134104929917312,0.209965668848245,1.29757904150714,1.29757904150714,363,1745,476,NA
"NC_071296.1_0_250000.vcf",-0.427657634859263,0.165507872764998,0.182891052653418,0.417134984477163,0.417134984477163,1481,1051,608,NA
"NC_071296.1_1000000_1250000.vcf",-0.43209087668498,0.160689534793818,0.186702525714394,1.07746265766837,1.07746265766837,561,2105,591,NA
"NC_071296.1_10000000_10250000.vcf",-0.368729129182301,0.238218956351923,0.135961170707538,-0.0660613126262916,0.0660613126262916,2061,2213,1010,NA
"NC_071296.1_10125000_10375000.vcf",-0.393930573896857,0.205139793994634,0.155181297050707,0.486112432480625,0.486112432480625,1377,2888,913,NA
"NC_071296.1_10250000_10500000.vcf",-0.397412443824112,0.200803302550184,0.157936650506253,0.851415353122442,0.851415353122442,840,3365,890,NA
"NC_071296.1_10375000_10625000.vcf",-0.40180939137061,0.195408037718523,0.16145078699362,0.888029099359441,0.888029099359441,790,3169,865,NA
"NC_071296.1_10500000_10750000.vcf",-0.39647076553415,0.20197052502111,0.157189067923235,0.857776652875112,0.857776652875112,830,2832,895,NA
"NC_071296.1_10625000_10875000.vcf",-0.381920687942829,0.220532769227928,0.145863411878724,0.613713679936589,0.613713679936589,1178,2204,964,NA
"NC_071296.1_10750000_11000000.vcf",-0.375310653753658,0.229293056518657,0.140858086820998,-0.0141880613399314,0.0141880613399314,2142,1201,985,NA
"NC_071296.1_10875000_11125000.vcf",-0.499316753764036,0.0983875978077246,0.249317220589455,0.539001609915193,0.539001609915193,1295,1618,283,NA
"NC_071296.1_11000000_11250000.vcf",-0.513369628151662,0.0878120451968561,0.263548375108576,0.625713266499812,0.625713266499812,1166,2570,254,NA
"NC_071296.1_11125000_11375000.vcf",-0.494028166820582,0.102578960681602,0.244063829612105,0.672466073082438,0.672466073082438,1089,2323,297,NA
"NC_071296.1_1125000_1375000.vcf",0.455771516250848,0.136465755050305,0.207727675025597,0.644002477012811,0.644002477012811,1141,1637,491,NA
"NC_071296.1_11250000_11500000.vcf",-0.507663943437561,0.0920083680722185,0.257722679466575,0.501400315600192,0.501400315600192,1356,1515,264,NA
"NC_071296.1_11375000_11625000.vcf",-0.392938935174884,0.206385199331143,0.154401006776372,-0.731828675401724,0.731828675401724,989,1299,919,NA
"NC_071296.1_11500000_11750000.vcf",-0.071932501231095,0.824194215697018,0.00517428473336149,-0.583039094923697,0.583039094923697,1226,1994,1941,NA
"NC_071296.1_11625000_11875000.vcf",-0.0823081195546674,0.799263389534593,0.00677462654462543,-0.701930079175298,0.701930079175298,1038,2323,1910,NA
"NC_071296.1_11750000_12000000.vcf",-0.0841024428590732,0.794968694612663,0.00707322089486367,-0.715077542296657,0.715077542296657,1023,2465,1908,NA
"NC_071296.1_125000_375000.vcf",-0.400576801356921,0.196911381892249,0.160461773785342,0.269876823855027,0.269876823855027,1718,2078,871,NA
"NC_071296.1_1250000_1500000.vcf",0.395062590881328,0.203723707560601,0.156074450713867,-0.135886638350539,0.135886638350539,1935,821,905,NA
"NC_071296.1_1375000_1625000.vcf",-0.410520703805614,0.184984987459772,0.168527248253057,-0.697806194250666,0.697806194250666,1048,557,818,NA
"NC_071296.1_1500000_1750000.vcf",0.392942453288146,0.206380772780981,0.154403771596107,-1.16132794334809,1.16132794334809,472,1089,918,NA
"NC_071296.1_1625000_1875000.vcf",0.0601682585205276,0.85264208097747,0.00362021933339304,-0.994950099469428,0.994950099469428,656,2406,1974,NA
"NC_071296.1_1750000_2000000.vcf",0.23632186918045,0.459613493473215,0.0558480258529417,-1.14727588285099,1.14727588285099,486,2994,1428,NA
"NC_071296.1_1875000_2125000.vcf",0.407782038154495,0.18822372225206,0.166286190641434,-0.819715064401857,0.819715064401857,882,2850,839,NA
"NC_071296.1_2000000_2250000.vcf",0.449441144023216,0.142693411208907,0.201997341940898,-0.142713529836842,0.142713529836842,1926,2528,515,NA
"NC_071296.1_2125000_2375000.vcf",0.427327988422215,0.165869756007293,0.182609209688977,0.495339478455793,0.495339478455793,1363,2251,610,NA
"NC_071296.1_2250000_2500000.vcf",0.42546707454631,0.167922020936152,0.181022231522996,1.13511022967602,1.13511022967602,499,1893,618,NA
"NC_071296.1_2375000_2625000.vcf",0.450288780601876,0.141849109275088,0.202759985935924,2.11325542875481,2.11325542875481,80,2189,510,NA
"NC_071296.1_250000_500000.vcf",-0.0469956931465158,0.884686435710183,0.00220859517432147,-0.592382939710633,0.592382939710633,1213,3151,2017,NA
"NC_071296.1_2500000_2750000.vcf",0.61950539350757,0.0316833353119181,0.383786932584969,2.57122905052728,2.57122905052728,43,3149,90,NA
"NC_071296.1_2625000_2875000.vcf",0.637068009386822,0.0258802290635499,0.405855648584088,1.60855414775075,1.60855414775075,202,3250,75,NA
"NC_071296.1_2750000_3000000.vcf",0.332878624799964,0.290390680465734,0.110808178848715,0.20061546496803,0.20061546496803,1830,2972,1106,NA
"NC_071296.1_2875000_3125000.vcf",-0.314562867315994,0.319337382066478,0.0989497974940599,0.209796490759936,0.209796490759936,1819,2841,1161,NA
"NC_071296.1_3000000_3250000.vcf",-0.231863526770272,0.468370748345835,0.0537606950463484,0.126708235790249,0.126708235790249,1954,2855,1443,NA
"NC_071296.1_3125000_3375000.vcf",-0.0744761239160996,0.818067637004106,0.00554669303356623,0.0811787238207325,0.0811787238207325,2034,2892,1934,NA
"NC_071296.1_3250000_3500000.vcf",0.174073272953479,0.588458875447984,0.0303015043567365,0.131083353238909,0.131083353238909,1946,2934,1648,NA
"NC_071296.1_3375000_3625000.vcf",-0.205908063768954,0.520847635884808,0.0423981307250797,0.08711283266408,0.08711283266408,2021,2423,1538,NA
"NC_071296.1_3500000_3750000.vcf",0.274698495153194,0.387544096345611,0.0754592632394296,-0.0521005103877068,0.0521005103877068,2082,1742,1290,NA
"NC_071296.1_3625000_3875000.vcf",-0.288793703801204,0.362628171885527,0.0834018033552175,-0.0619626880105061,0.0619626880105061,2066,1313,1241,NA
"NC_071296.1_375000_625000.vcf",0.36950202170719,0.237160240653936,0.136531744045701,-1.08290328592768,1.08290328592768,557,2732,1006,NA
"NC_071296.1_3750000_4000000.vcf",-0.317910133919055,0.313932954972151,0.101066853248431,0.41638537167763,0.41638537167763,1483,697,1152,NA
"NC_071296.1_3875000_4125000.vcf",-0.412163166673395,0.183059336255824,0.169878475962241,0.902707415354771,0.902707415354771,772,307,791,NA
"NC_071296.1_4000000_4250000.vcf",-0.411981749514831,0.18327141741943,0.169728961933301,0.402439042443431,0.402439042443431,1504,324,794,NA
"NC_071296.1_4125000_4375000.vcf",0.418325772591892,0.175945729396481,0.174996452014604,0.817297619994334,0.817297619994334,886,521,656,NA
"NC_071296.1_4250000_4500000.vcf",0.158986491215337,0.621634011334677,0.0252767043889643,0.176983823858501,0.176983823858501,1862,905,1692,NA
"NC_071296.1_4375000_4625000.vcf",0.291280590814565,0.358321839303834,0.0848443825852821,0.0959272871439601,0.0959272871439601,2004,1221,1234,NA
"NC_071296.1_4500000_4750000.vcf",0.439599724159787,0.152733413165689,0.193247917481361,0.421935069391079,0.421935069391079,1470,1715,557,NA
"NC_071296.1_4625000_4875000.vcf",0.32804730711239,0.297877110228197,0.107615035703691,0.241662846984561,0.241662846984561,1759,1754,1120,NA
"NC_071296.1_4750000_5000000.vcf",0.230467713050656,0.471128308210639,0.0531153667587996,-0.23326008437084,0.23326008437084,1777,1556,1452,NA
"NC_071296.1_4875000_5125000.vcf",0.186176227422345,0.562356666811613,0.0346615876572168,-0.2948045833988,0.2948045833988,1680,1609,1603,NA
"NC_071296.1_500000_750000.vcf",0.476806111397779,0.117048285757964,0.227344067866271,-0.652510051892034,0.652510051892034,1120,1831,378,NA
"NC_071296.1_5000000_5250000.vcf",0.17040381471659,0.596464324202366,0.0290374600699661,-0.346987535108567,0.346987535108567,1591,1190,1659,NA
"NC_071296.1_5125000_5375000.vcf",0.180569018697722,0.574391093140024,0.0326051705134582,-0.0952746907023423,0.0952746907023423,2005,526,1615,NA
"NC_071296.1_5250000_5500000.vcf",0.525666983467471,0.0792124114456812,0.27632577750779,0.989263262981218,0.989263262981218,665,217,235,NA
"NC_071296.1_5375000_5625000.vcf",-0.235715535262298,0.460799927211859,0.0555618135639918,0.734683720171226,0.734683720171226,984,226,1429,NA
"NC_071296.1_5500000_5750000.vcf",-0.0958447357856092,0.766997292137099,0.00918621337781323,-0.0822365395290554,0.0822365395290554,2030,228,1878,NA
"NC_071296.1_5625000_5875000.vcf",-0.130169517648385,0.686788619882308,0.0169441033248133,-0.144144017674782,0.144144017674782,1921,196,1773,NA
"NC_071296.1_5750000_6000000.vcf",-0.363670525344497,0.245217332283261,0.132256251004342,0.889737348961376,0.889737348961376,787,132,1028,NA
"NC_071296.1_6000000_6250000.vcf",0.228077536629691,0.47586773631756,0.052019362715068,0.171173353628601,0.171173353628601,1868,228,1463,NA
"NC_071296.1_6125000_6375000.vcf",-0.303748999174606,0.33714313922509,0.0922634544995748,-0.117483188634033,0.117483188634033,1968,330,1185,NA
"NC_071296.1_625000_875000.vcf",0.473159305861052,0.120275718450071,0.223879728722912,0.393376905085595,0.393376905085595,1520,1107,401,NA
"NC_071296.1_6250000_6500000.vcf",-0.688785475609474,0.0132422950486065,0.474425431410569,0.91386595643606,0.91386595643606,755,191,41,NA
"NC_071296.1_6375000_6625000.vcf",-0.120699993523047,0.708659535444595,0.0145684884364635,0.48501679421765,0.48501679421765,1379,139,1803,NA
"NC_071296.1_6500000_6750000.vcf",0.0602498917374211,0.852444084004241,0.00363004945437096,0.164395299798388,0.164395299798388,1876,266,1973,NA
"NC_071296.1_6625000_6875000.vcf",-0.159057424634698,0.621476447420624,0.0252992643314226,0.302410427098076,0.302410427098076,1664,376,1691,NA
"NC_071296.1_6750000_7000000.vcf",-0.147656117149328,0.646985550730627,0.0218023289316162,-0.161372882275285,0.161372882275285,1885,370,1718,NA
"NC_071296.1_6875000_7125000.vcf",-0.412631047750424,0.182513076693867,0.170264381567613,-0.0395214801611267,0.0395214801611267,2103,261,769,NA
"NC_071296.1_7000000_7250000.vcf",-0.41302429428406,0.182054740044113,0.170589067668846,0.208737992113959,0.208737992113959,1821,316,733,NA
"NC_071296.1_7125000_7375000.vcf",-0.413052461444667,0.182021938196332,0.170612335905498,0.0319879577808111,0.0319879577808111,2116,404,730,NA
"NC_071296.1_7250000_7500000.vcf",-0.413262738722492,0.181777177734381,0.170786091216415,-0.320329578469447,0.320329578469447,1639,460,719,NA
"NC_071296.1_7375000_7625000.vcf",-0.413677087286391,0.181295480799441,0.171128732545753,-0.240946985925309,0.240946985925309,1761,418,701,NA
"NC_071296.1_750000_1000000.vcf",-0.0986757695564844,0.760290213798038,0.00973690749756442,0.679075990756396,0.679075990756396,1076,1268,1872,NA
"NC_071296.1_7500000_7750000.vcf",-0.413468058603718,0.181538385548477,0.170955835485528,0.220132969491789,0.220132969491789,1799,285,706,NA
"NC_071296.1_7625000_7875000.vcf",0.32407670128239,0.304110032668052,0.105025708314075,0.318653809030537,0.318653809030537,1641,240,1134,NA
"NC_071296.1_7750000_8000000.vcf",-0.120564299186441,0.708974453057826,0.0145357502383176,1.10159491665545,1.10159491665545,538,195,1804,NA
"NC_071296.1_7875000_8125000.vcf",-0.449772804359073,0.142362671074507,0.202295575541025,0.54871089785994,0.54871089785994,1280,253,513,NA
"NC_071296.1_8000000_8250000.vcf",0.552108258263758,0.062706283323167,0.30482352884304,-0.769358503900071,0.769358503900071,944,512,194,NA
"NC_071296.1_8125000_8375000.vcf",0.245493335141122,0.441844307064325,0.0602669775987112,-0.679281112081788,0.679281112081788,1075,588,1394,NA
"NC_071296.1_8250000_8500000.vcf",-0.177319828153299,0.581411108300335,0.0314423214563154,-0.114405948298197,0.114405948298197,1972,529,1627,NA
"NC_071296.1_8375000_8625000.vcf",0.0983930854790523,0.760959255502013,0.00968119927008809,-0.079395777250299,0.079395777250299,2037,416,1875,NA
"NC_071296.1_8500000_8750000.vcf",0.46295498036028,0.129615352131014,0.214327313840387,-1.18776279071333,1.18776279071333,450,373,443,NA
"NC_071296.1_8625000_8875000.vcf",0.411022335096702,0.18439553759941,0.168939359948346,-1.50780051198184,1.50780051198184,226,549,811,NA
"NC_071296.1_875000_1125000.vcf",0.314958093796904,0.318696611160888,0.0991986008481793,1.05791832071684,1.05791832071684,579,1953,1160,NA
"NC_071296.1_8750000_9000000.vcf",-0.187653100157199,0.55920408839876,0.0352136859986078,-0.928491618378443,0.928491618378443,741,504,1597,NA
"NC_071296.1_8875000_9125000.vcf",0.532996605996487,0.0743699860310676,0.284085382003774,-0.850734537884738,0.850734537884738,841,619,226,NA
"NC_071296.1_9000000_9250000.vcf",0.565289450799302,0.0554434286019053,0.319552163184977,1.72917984107153,1.72917984107153,160,1903,166,NA
"NC_071296.1_9125000_9375000.vcf",0.561204105462124,0.0576281211311627,0.314950047987543,1.20126291953599,1.20126291953599,438,2843,174,NA
"NC_071296.1_9250000_9500000.vcf",0.434563312664615,0.158041418247629,0.188845272714044,-0.687532988723994,0.687532988723994,1063,2753,577,NA
"NC_071296.1_9375000_9625000.vcf",0.386711495298691,0.214311460868341,0.14954578059615,-0.601427460745127,0.601427460745127,1194,3683,946,NA
"NC_071296.1_9500000_9750000.vcf",0.438841951713156,0.153524668519539,0.192582258583412,0.434839214955904,0.434839214955904,1453,3658,562,NA
"NC_071296.1_9625000_9875000.vcf",-0.390884868681022,0.208979546865345,0.15279098056378,0.941815277164453,0.941815277164453,724,2859,930,NA
"NC_071296.1_9750000_10000000.vcf",0.384719435515477,0.216885277286144,0.148009044063347,1.38003591120441,1.38003591120441,302,2862,954,NA
"NC_071296.1_9875000_10125000.vcf",0.0210629600872189,0.948196021212337,0.000443648287635775,0.391958387736574,0.391958387736574,1526,2470,2099,NA
"NC_071297.1_0_250000.vcf",-0.535695629118206,0.0726391516218455,0.286969807056351,2.25311774299303,2.25311774299303,60,468,223,NA
"NC_071297.1_1000000_1250000.vcf",-0.220893133521046,0.490244473206058,0.0487937764367467,-0.448716247018989,0.448716247018989,1424,2079,1482,NA
"NC_071297.1_10000000_10250000.vcf",-0.446772128390258,0.145373043603643,0.199605334706361,1.0299282525999,1.0299282525999,612,2038,526,NA
"NC_071297.1_10125000_10375000.vcf",-0.386613148953855,0.214438091929718,0.149469726944015,0.132261490882703,0.132261490882703,1945,2819,947,NA
"NC_071297.1_10250000_10500000.vcf",0.230949714873635,0.470175218905582,0.0533377708002134,-0.340218850481018,0.340218850481018,1604,2902,1446,NA
"NC_071297.1_10375000_10625000.vcf",-0.240708789042556,0.45107249575549,0.0579407211223339,-0.298044273314334,0.298044273314334,1672,2493,1410,NA
"NC_071297.1_10500000_10750000.vcf",-0.144204692179939,0.654778529708843,0.020794993246711,-0.354320310691647,0.354320310691647,1576,2988,1731,NA
"NC_071297.1_10625000_10875000.vcf",-0.185541532531907,0.563713718345148,0.0344256602942888,-0.555211641444008,0.555211641444008,1271,2830,1605,NA
"NC_071297.1_10750000_11000000.vcf",-0.483658169744225,0.111139670748989,0.233925225160333,-0.0226344883723568,0.0226344883723568,2131,2029,347,NA
"NC_071297.1_10875000_11125000.vcf",-0.454589142947309,0.137615320554453,0.206651288885569,0.832030362190499,0.832030362190499,872,1274,498,NA
"NC_071297.1_11000000_11250000.vcf",0.39195758693867,0.20762220897992,0.153630749958785,0.642760361100003,0.642760361100003,1144,1233,924,NA
"NC_071297.1_11125000_11375000.vcf",0.0400228165230862,0.901716406495779,0.00160182584244062,0.457793497034137,0.457793497034137,1413,2604,2036,NA
"NC_071297.1_1125000_1375000.vcf",-0.215106369913244,0.501965053723004,0.0462707503772532,-0.509712931294434,0.509712931294434,1343,3098,1500,NA
"NC_071297.1_11250000_11500000.vcf",0.0757707623026582,0.814952929702181,0.00574120841992593,0.63497356624061,0.63497356624061,1154,3232,1931,NA
"NC_071297.1_11375000_11625000.vcf",0.475341037450889,0.118337941127102,0.225949101884888,1.11146679377744,1.11146679377744,520,2857,388,NA
"NC_071297.1_11500000_11750000.vcf",0.60222794284108,0.0382506767575153,0.362678495138599,1.6751525271133,1.6751525271133,184,2086,107,NA
"NC_071297.1_125000_375000.vcf",-0.509868108662971,0.0903716007893137,0.259965488231555,1.41254762278575,1.41254762278575,279,1106,260,NA
"NC_071297.1_1250000_1500000.vcf",-0.0878610380141866,0.785989575239027,0.00771956200093035,-0.71989428055396,0.71989428055396,1009,3259,1898,NA
"NC_071297.1_1375000_1625000.vcf",-0.0233323618715265,0.942622174112728,0.000544399110503862,-0.356326339406897,0.356326339406897,1571,3400,2089,NA
"NC_071297.1_1500000_1750000.vcf",-0.213706578710222,0.50481877472063,0.0456705017840284,0.183448935954363,0.183448935954363,1854,2084,1505,NA
"NC_071297.1_1625000_1875000.vcf",-0.47566557770174,0.118051456758131,0.22625774181033,0.686207257702732,0.686207257702732,1065,1302,384,NA
"NC_071297.1_1750000_2000000.vcf",-0.477083157123124,0.11680545731405,0.227608338810567,0.802283984620522,0.802283984620522,906,1489,376,NA
"NC_071297.1_1875000_2125000.vcf",-0.462878785514424,0.129686813410944,0.214256770079308,0.846781207100833,0.846781207100833,849,1283,447,NA
"NC_071297.1_2000000_2250000.vcf",-0.369176180667134,0.237606239799091,0.136291052371972,0.448674637207748,0.448674637207748,1425,1199,1008,NA
"NC_071297.1_2125000_2375000.vcf",-0.26460781708899,0.405903963365816,0.0700172968646002,0.0220977101593645,0.0220977101593645,2132,1260,1329,NA
"NC_071297.1_2250000_2500000.vcf",0.230649907903102,0.470767938812218,0.0531993800157097,-0.0638742236465157,0.0638742236465157,2063,1965,1451,NA
"NC_071297.1_2375000_2625000.vcf",0.0141742377865914,0.965127429128845,0.000200909016830835,0.0364159967926677,0.0364159967926677,2111,2827,2129,NA
"NC_071297.1_250000_500000.vcf",-0.49604370201173,0.100967795274952,0.246059354305502,1.19231757978829,1.19231757978829,447,1398,291,NA
"NC_071297.1_2500000_2750000.vcf",-0.029567359406055,0.92732132559083,0.000874228742246829,-0.00147091113577018,0.00147091113577018,2162,2486,2069,NA
"NC_071297.1_2625000_2875000.vcf",0.237394488465596,0.457518191079947,0.0563561431538419,-0.241897449544802,0.241897449544802,1758,1233,1425,NA
"NC_071297.1_2750000_3000000.vcf",-0.246714698278928,0.439503270737067,0.0608681423468622,-0.311755008451552,0.311755008451552,1651,829,1387,NA
"NC_071297.1_2875000_3125000.vcf",-0.308636581384011,0.329030212092434,0.095256539368409,0.135001144794811,0.135001144794811,1938,1687,1170,NA
"NC_071297.1_3000000_3250000.vcf",-0.317499995235619,0.314592421503019,0.100806246974618,0.291985305680418,0.291985305680418,1685,2272,1153,NA
"NC_071297.1_3125000_3375000.vcf",-0.285032720703754,0.369192156178238,0.0812436518717845,0.279169228232942,0.279169228232942,1702,1474,1257,NA
"NC_071297.1_3250000_3500000.vcf",-0.2331733490807,0.465789924885908,0.0543698107215101,-0.508539997229959,0.508539997229959,1347,663,1434,NA
"NC_071297.1_3375000_3625000.vcf",-0.267283995423382,0.400992760391957,0.0714407342094863,-0.143950453293512,0.143950453293512,1922,1726,1318,NA
"NC_071297.1_3500000_3750000.vcf",-0.268350703546201,0.399043586485905,0.0720121000937412,0.154090865905101,0.154090865905101,1896,2513,1312,NA
"NC_071297.1_3625000_3875000.vcf",-0.563677021885269,0.0562986633148751,0.317731785001446,0.983951950401176,0.983951950401176,668,2178,170,NA
"NC_071297.1_375000_625000.vcf",-0.49253232367681,0.103785728332454,0.242588089866477,1.5364096530633,1.5364096530633,220,1327,311,NA
"NC_071297.1_3750000_4000000.vcf",-0.587706702738144,0.0444762562013407,0.345399168443341,1.89047121623177,1.89047121623177,117,2122,129,NA
"NC_071297.1_3875000_4125000.vcf",-0.590368016211665,0.0432851626969193,0.348534394565697,2.27446814631326,2.27446814631326,58,1722,123,NA
"NC_071297.1_4000000_4250000.vcf",-0.592586842795593,0.0423095160721776,0.351159166254449,2.48672756417903,2.48672756417903,50,1386,120,NA
"NC_071297.1_4125000_4375000.vcf",-0.593665572677072,0.0418408608345655,0.352438812181996,2.59704437637816,2.59704437637816,42,1315,119,NA
"NC_071297.1_4250000_4500000.vcf",-0.579539766072496,0.0482759090652451,0.335866340459363,2.87688765706078,2.87688765706078,25,735,142,NA
"NC_071297.1_4375000_4625000.vcf",-0.592317327244668,0.0424271857724056,0.350839816154267,2.77272499304857,2.77272499304857,29,1035,121,NA
"NC_071297.1_4500000_4750000.vcf",-0.572114441322236,0.0519238311804205,0.327314933969454,2.15869817509186,2.15869817509186,67,1803,154,NA
"NC_071297.1_4625000_4875000.vcf",-0.44608957436638,0.14606346759678,0.198995908358378,1.97019225002988,1.97019225002988,100,1909,530,NA
"NC_071297.1_4750000_5000000.vcf",-0.348444353724757,0.267003819578301,0.121413467642663,2.13371840081423,2.13371840081423,76,1315,1068,NA
"NC_071297.1_4875000_5125000.vcf",-0.258651601289681,0.416942014745989,0.0669006508497163,1.30790206988164,1.30790206988164,353,506,1348,NA
"NC_071297.1_500000_750000.vcf",-0.493503225532786,0.103001383700673,0.243545433611264,1.27607638192865,1.27607638192865,379,1392,303,NA
"NC_071297.1_5000000_5250000.vcf",-0.258228514207042,0.417731684525617,0.0666819655495764,0.134119361401826,0.134119361401826,1941,541,1350,NA
"NC_071297.1_5125000_5375000.vcf",-0.288025380543908,0.363964092694129,0.0829586198374632,0.39481548068253,0.39481548068253,1518,621,1247,NA
"NC_071297.1_5250000_5500000.vcf",-0.303555595546526,0.337466373111782,0.0921459995876062,1.26913957131781,1.26913957131781,389,599,1189,NA
"NC_071297.1_5375000_5625000.vcf",-0.367718897976455,0.239606998473502,0.135217187929019,0.952851407274714,0.952851407274714,708,931,1019,NA
"NC_071297.1_5500000_5750000.vcf",-0.387283837174587,0.213575410485469,0.149988770536672,0.742522037509024,0.742522037509024,975,1079,945,NA
"NC_071297.1_5625000_5875000.vcf",-0.329097692632491,0.296240343469912,0.108305291296029,0.766188066045168,0.766188066045168,946,712,1116,NA
"NC_071297.1_5750000_6000000.vcf",-0.37141801955691,0.234547752569738,0.137951345251577,0.595437795278043,0.595437795278043,1206,766,1000,NA
"NC_071297.1_5875000_6125000.vcf",-0.334803471827165,0.287437945667565,0.112093364747523,0.561407984195399,0.561407984195399,1256,1211,1101,NA
"NC_071297.1_6000000_6250000.vcf",-0.335947761056905,0.285690695089429,0.112860898159147,0.494369453086001,0.494369453086001,1365,1066,1098,NA
"NC_071297.1_6125000_6375000.vcf",-0.287376351106225,0.365094603103565,0.0825851671751285,0.208997488908029,0.208997488908029,1820,873,1251,NA
"NC_071297.1_625000_875000.vcf",-0.30843316172933,0.329365730096213,0.0951310152543511,0.727442278213311,0.727442278213311,996,1048,1171,NA
"NC_071297.1_6250000_6500000.vcf",-0.119787649855127,0.71077769400008,0.0143490810578146,-0.0884804553036871,0.0884804553036871,2019,747,1807,NA
"NC_071297.1_6375000_6625000.vcf",-0.174957316054986,0.586536471013962,0.0306100624411641,-0.0490736395043916,0.0490736395043916,2087,554,1642,NA
"NC_071297.1_6500000_6750000.vcf",-0.252656724247017,0.428199900885132,0.0638354203072334,-0.237852686303288,0.237852686303288,1765,763,1365,NA
"NC_071297.1_6625000_6875000.vcf",-0.253846664004036,0.425953560238366,0.0644381288259781,-0.213002724661803,0.213002724661803,1812,1365,1363,NA
"NC_071297.1_6750000_7000000.vcf",-0.254210609258033,0.425267669288763,0.0646230338593405,-0.414241889784049,0.414241889784049,1486,1607,1362,NA
"NC_071297.1_6875000_7125000.vcf",-0.26713314219307,0.40126879855566,0.0713601156579427,-0.2437615365504,0.2437615365504,1755,1710,1321,NA
"NC_071297.1_7000000_7250000.vcf",-0.336677843941337,0.284579068289692,0.113351970600987,0.455926426535901,0.455926426535901,1416,2004,1095,NA
"NC_071297.1_7125000_7375000.vcf",-0.399439180595343,0.198305186990358,0.159551658994679,0.902891437398432,0.902891437398432,770,1908,879,NA
"NC_071297.1_7250000_7500000.vcf",-0.392797503436719,0.206563199103987,0.154289878706119,1.17871543177738,1.17871543177738,457,1959,920,NA
"NC_071297.1_7375000_7625000.vcf",-0.394948550910986,0.203866093449329,0.155984357866688,1.25535322263536,1.25535322263536,399,2055,906,NA
"NC_071297.1_750000_1000000.vcf",-0.230257567418166,0.471544121201879,0.0530185473533314,-0.237016512811056,0.237016512811056,1767,787,1454,NA
"NC_071297.1_7500000_7750000.vcf",-0.389092891785971,0.211258993045267,0.151393278438369,1.4142469514748,1.4142469514748,278,1687,937,NA
"NC_071297.1_7625000_7875000.vcf",-0.390770062951165,0.209125132471225,0.152701242098858,1.01942952451764,1.01942952451764,618,1747,933,NA
"NC_071297.1_7750000_8000000.vcf",-0.410747110286528,0.184718800177722,0.168713188608733,0.741696579334614,0.741696579334614,976,2055,816,NA
"NC_071297.1_7875000_8125000.vcf",-0.407228244775309,0.188882875896754,0.165834843342779,0.826526601565394,0.826526601565394,876,1852,841,NA
"NC_071297.1_8000000_8250000.vcf",-0.40019827569363,0.197374478358404,0.160158659868155,0.606198572657524,0.606198572657524,1187,1765,877,NA
"NC_071297.1_8125000_8375000.vcf",-0.251926121440838,0.429581980131955,0.0634667706642241,0.517842965035067,0.517842965035067,1333,1084,1368,NA
"NC_071297.1_8250000_8500000.vcf",-0.231705738489531,0.468682096585469,0.0536875492489788,-0.105845785590691,0.105845785590691,1984,384,1444,NA
"NC_071297.1_8375000_8625000.vcf",0.100325280455054,0.756389258087123,0.0100651618983852,0.0813289762186674,0.0813289762186674,2033,956,1867,NA
"NC_071297.1_8500000_8750000.vcf",-0.288887290800374,0.362465624169692,0.0834558667859798,0.368624074699594,0.368624074699594,1559,1906,1240,NA
"NC_071297.1_8625000_8875000.vcf",-0.293250556163745,0.354929906137118,0.0859958886903458,0.662353724896768,0.662353724896768,1110,1686,1228,NA
"NC_071297.1_875000_1125000.vcf",-0.230942222238691,0.47019002766001,0.0533343100125448,-0.164345624071493,0.164345624071493,1877,816,1447,NA
"NC_071297.1_8750000_9000000.vcf",-0.294308279508153,0.3531157484622,0.0866173633870489,0.878983163765409,0.878983163765409,807,823,1221,NA
"NC_071297.1_8875000_9125000.vcf",-0.281153454864941,0.376027065046156,0.0790472651824925,0.222376836875378,0.222376836875378,1795,1199,1272,NA
"NC_071297.1_9000000_9250000.vcf",-0.307335515743034,0.33117938590021,0.0944551192370368,-0.371081076222251,0.371081076222251,1556,2077,1174,NA
"NC_071297.1_9125000_9375000.vcf",-0.282851868382936,0.373026584273864,0.0800051794477177,-0.310189989429044,0.310189989429044,1655,2393,1266,NA
"NC_071297.1_9250000_9500000.vcf",-0.267388741747562,0.400801147156948,0.0714967392133447,-0.392269885043124,0.392269885043124,1525,2722,1315,NA
"NC_071297.1_9375000_9625000.vcf",-0.320350053307552,0.310025600379614,0.102624156654151,-1.18207260858874,1.18207260858874,453,3440,1144,NA
"NC_071297.1_9500000_9750000.vcf",0.123751228265625,0.70158940730311,0.0153143664972508,-1.33215494198344,1.33215494198344,331,3683,1794,NA
"NC_071297.1_9625000_9875000.vcf",-0.204159060851889,0.524472423157413,0.0416809221279255,-0.746394091838034,0.746394091838034,971,2225,1545,NA
"NC_071297.1_9750000_10000000.vcf",-0.356133719292302,0.255866191031977,0.126831226016968,0.712089865774551,0.712089865774551,1028,1544,1042,NA
"NC_071297.1_9875000_10125000.vcf",-0.435549984784038,0.156992433198689,0.189703789245375,0.913658057401103,0.913658057401103,756,2114,571,NA
"NC_071298.1_0_250000.vcf",0.200433345619406,0.532229913111266,0.0401735260361883,-0.722629882282917,0.722629882282917,1003,1319,1559,NA
"NC_071298.1_1000000_1250000.vcf",0.164448755278617,0.609543818997499,0.0270433931126864,0.0773734739699334,0.0773734739699334,2040,1674,1674,NA
"NC_071298.1_10000000_10250000.vcf",0.214536665475882,0.503125629793762,0.0460259808335105,0.838788123816888,0.838788123816888,860,2198,1502,NA
"NC_071298.1_10125000_10375000.vcf",0.329250409922925,0.296002793147562,0.108405832434414,1.14863564937357,1.14863564937357,484,2481,1115,NA
"NC_071298.1_10250000_10500000.vcf",0.595599821282892,0.0410097626954059,0.354739147112213,2.198687409395,2.198687409395,63,2219,118,NA
"NC_071298.1_10375000_10625000.vcf",0.822152406059176,0.00103091462990714,0.675934578788891,1.99647575384777,1.99647575384777,92,2597,4,NA
"NC_071298.1_10500000_10750000.vcf",0.710501119440125,0.00960742582870167,0.504811840725671,1.58226399259426,1.58226399259426,210,3096,29,NA
"NC_071298.1_10625000_10875000.vcf",-0.702993730409255,0.0107670444166149,0.494200184994721,1.30161916177327,1.30161916177327,361,3246,32,NA
"NC_071298.1_10750000_11000000.vcf",0.702383334318966,0.0108656951530401,0.493342348329029,1.54684734312698,1.54684734312698,216,3455,33,NA
"NC_071298.1_10875000_11125000.vcf",0.559511550288263,0.0585505622849333,0.313053174905976,2.71660157569468,2.71660157569468,35,3798,179,NA
"NC_071298.1_11000000_11250000.vcf",0.601896010130966,0.0383856133386436,0.362278807011576,2.75363084760194,2.75363084760194,32,3701,108,NA
"NC_071298.1_11125000_11375000.vcf",0.425359543803621,0.168041095422567,0.180930741504825,1.69807937857722,1.69807937857722,175,3109,619,NA
"NC_071298.1_1125000_1375000.vcf",-0.408648271390247,0.187195547665565,0.166993409710237,0.193888741982136,0.193888741982136,1839,2564,831,NA
"NC_071298.1_11250000_11500000.vcf",0.10494798834327,0.745484974909194,0.0110140802572991,0.37789221394991,0.37789221394991,1547,2215,1843,NA
"NC_071298.1_11375000_11625000.vcf",-0.410372500960581,0.185159359282794,0.168405589544642,-0.226116887280693,0.226116887280693,1789,2023,820,NA
"NC_071298.1_11500000_11750000.vcf",-0.44943740098048,0.142697146688634,0.201993977400089,0.0134596330154976,0.0134596330154976,2144,2571,516,NA
"NC_071298.1_125000_375000.vcf",0.207973384260343,0.516581310962482,0.0432529285607001,-0.545304883086605,0.545304883086605,1287,2118,1531,NA
"NC_071298.1_1250000_1500000.vcf",0.538586534412945,0.0708161529655581,0.290075455050947,1.12060469779882,1.12060469779882,512,3452,220,NA
"NC_071298.1_1375000_1625000.vcf",0.696353126266767,0.011876741898713,0.4849076764615,1.47069958655317,1.47069958655317,248,2879,35,NA
"NC_071298.1_1500000_1750000.vcf",0.689343933845159,0.0131377371361212,0.475195059129119,2.10805950791065,2.10805950791065,81,2191,39,NA
"NC_071298.1_1625000_1875000.vcf",0.57673130979578,0.0496337242743248,0.332619003698756,1.3233184591434,1.3233184591434,339,2840,146,NA
"NC_071298.1_1750000_2000000.vcf",0.52866774177565,0.0772046584352242,0.279489581194165,0.85709790993577,0.85709790993577,834,2665,231,NA
"NC_071298.1_1875000_2125000.vcf",0.465233963262106,0.127489800676762,0.216442640572567,1.707677823525,1.707677823525,170,1879,430,NA
"NC_071298.1_2000000_2250000.vcf",0.462285204626868,0.130244397374495,0.213707610416905,1.93237445333054,1.93237445333054,108,1114,453,NA
"NC_071298.1_2125000_2375000.vcf",-0.414602854465673,0.180222115707354,0.171895526931084,-0.019797564240645,0.019797564240645,2135,809,682,NA
"NC_071298.1_2250000_2500000.vcf",0.421683932395198,0.17214331660381,0.177817338840278,-0.0720845237497049,0.0720845237497049,2052,1707,641,NA
"NC_071298.1_2375000_2625000.vcf",0.44381645235606,0.148377970218407,0.196973043381919,0.151549862333977,0.151549862333977,1899,2265,537,NA
"NC_071298.1_250000_500000.vcf",0.205864693090559,0.520937389704376,0.0423802718612701,-0.536591725471881,0.536591725471881,1301,1940,1540,NA
"NC_071298.1_2500000_2750000.vcf",0.484934000897877,0.110061772104911,0.235160985226823,0.120218060350301,0.120218060350301,1965,1645,343,NA
"NC_071298.1_2625000_2875000.vcf",0.432809793200433,0.159916653386629,0.187324317090201,-0.618621864635675,0.618621864635675,1172,757,585,NA
"NC_071298.1_2750000_3000000.vcf",-0.4118751004238,0.183396164163909,0.169641098349116,-0.00540111096458798,0.00540111096458798,2157,578,797,NA
"NC_071298.1_2875000_3125000.vcf",0.365980406175056,0.242006845630122,0.133941657704059,-0.0114002893987895,0.0114002893987895,2151,1207,1024,NA
"NC_071298.1_3000000_3250000.vcf",0.303213296455311,0.338038864723339,0.0919383031472965,0.167777439939665,0.167777439939665,1873,2326,1190,NA
"NC_071298.1_3125000_3375000.vcf",0.374221252073358,0.230756493989546,0.140041545503352,0.366288727627115,0.366288727627115,1563,3049,988,NA
"NC_071298.1_3250000_3500000.vcf",0.42765662139251,0.165508984575766,0.182890185820856,0.382335526521858,0.382335526521858,1542,2706,609,NA
"NC_071298.1_3375000_3625000.vcf",0.443391190302004,0.148813568219718,0.196595747637428,0.329799663961506,0.329799663961506,1622,2632,539,NA
"NC_071298.1_3500000_3750000.vcf",0.648934428959555,0.0224228183928233,0.421115893089064,0.286003851183459,0.286003851183459,1697,2653,67,NA
"NC_071298.1_3625000_3875000.vcf",0.585685452133837,0.0453962306935132,0.343027448841217,0.204656517171632,0.204656517171632,1828,2618,133,NA
"NC_071298.1_375000_625000.vcf",-0.335517217289598,0.286347396408188,0.112571803097755,-0.163113803526754,0.163113803526754,1879,2062,1099,NA
"NC_071298.1_3750000_4000000.vcf",0.630112541283855,0.0280775973460426,0.397041814683198,0.319577997001558,0.319577997001558,1640,3273,80,NA
"NC_071298.1_3875000_4125000.vcf",0.658306488348452,0.0199398852054229,0.433367432601671,0.419820487773267,0.419820487773267,1474,3661,59,NA
"NC_071298.1_4000000_4250000.vcf",0.651985951013645,0.0215909936402827,0.425085680319167,0.406355029691438,0.406355029691438,1500,2712,65,NA
"NC_071298.1_4125000_4375000.vcf",0.661280854602539,0.019195685965375,0.437292368663864,0.546061293389903,0.546061293389903,1286,1924,58,NA
"NC_071298.1_4250000_4500000.vcf",0.588459947506956,0.0441368126080814,0.34628510981989,0.22494070037424,0.22494070037424,1791,2044,126,NA
"NC_071298.1_4375000_4625000.vcf",0.560079608491739,0.0582398332207459,0.31368916784826,0.0831993388219741,0.0831993388219741,2029,1636,177,NA
"NC_071298.1_4500000_4750000.vcf",0.54790552468242,0.0651541980520565,0.300200463977518,0.158473922369963,0.158473922369963,1888,1398,206,NA
"NC_071298.1_4625000_4875000.vcf",0.550453160150965,0.0636625648807904,0.302998681520184,0.289189931734309,0.289189931734309,1689,1310,198,NA
"NC_071298.1_4750000_5000000.vcf",0.556542606013389,0.0601933765311584,0.309739672308175,0.908870472677287,0.908870472677287,764,666,188,NA
"NC_071298.1_4875000_5125000.vcf",0.552978268977179,0.0622076233716458,0.305784965960997,1.47682387385149,1.47682387385149,245,149,192,NA
"NC_071298.1_500000_750000.vcf",0.489712800176966,0.106086024888752,0.239818626657165,0.439249874044912,0.439249874044912,1440,2372,328,NA
"NC_071298.1_5000000_5250000.vcf",-0.0313412658367247,0.922972030053893,0.000982274944248248,0.437375950883805,0.437375950883805,1447,190,2061,NA
"NC_071298.1_5125000_5375000.vcf",-0.0741864504522112,0.81876488057689,0.00550362943069839,-0.0794227243052585,0.0794227243052585,2036,406,1935,NA
"NC_071298.1_5250000_5500000.vcf",0.490856199204271,0.105149138938089,0.240939808297263,1.70529644411874,1.70529644411874,172,533,322,NA
"NC_071298.1_5375000_5625000.vcf",0.543543412407579,0.0677640098566259,0.295439441171675,2.98451983221105,2.98451983221105,21,731,211,NA
"NC_071298.1_5500000_5750000.vcf",0.431236208353472,0.16161143555074,0.185964667395079,1.76561988382653,1.76561988382653,148,829,594,NA
"NC_071298.1_5625000_5875000.vcf",0.385698409476191,0.215618083376941,0.148763263072464,0.650685373353078,0.650685373353078,1127,536,948,NA
"NC_071298.1_5750000_6000000.vcf",-0.414215830703209,0.18067036049044,0.17157475440515,0.12633825176353,0.12633825176353,1955,404,689,NA
"NC_071298.1_5875000_6125000.vcf",0.402600581687137,0.194446786849419,0.162087228374821,0.513467224601509,0.513467224601509,1337,529,860,NA
"NC_071298.1_6000000_6250000.vcf",0.39795133338023,0.200137205673792,0.158365263739103,0.840301919549517,0.840301919549517,857,502,885,NA
"NC_071298.1_6125000_6375000.vcf",-0.414130930442635,0.18076878350145,0.171504427549283,0.980393688737936,0.980393688737936,676,393,690,NA
"NC_071298.1_625000_875000.vcf",0.456786457449722,0.135483952000956,0.208653867709467,0.680782327421207,0.680782327421207,1074,1762,483,NA
"NC_071298.1_6250000_6500000.vcf",-0.414440168981727,0.180410450858969,0.171760653665603,0.439787260591679,0.439787260591679,1439,433,686,NA
"NC_071298.1_6375000_6625000.vcf",-0.415065629105387,0.179687048897697,0.172279476464651,-0.118791861080183,0.118791861080183,1967,466,678,NA
"NC_071298.1_6500000_6750000.vcf",-0.414449459790048,0.180399691920069,0.171768354720263,0.0556516277344616,0.0556516277344616,2076,353,685,NA
"NC_071298.1_6625000_6875000.vcf",0.477188423032836,0.11671327965405,0.227708791076564,1.67244961493532,1.67244961493532,186,629,375,NA
"NC_071298.1_6750000_7000000.vcf",0.48287217419985,0.111807194769976,0.23316553661649,1.7411145085624,1.7411145085624,156,1798,353,NA
"NC_071298.1_6875000_7125000.vcf",0.486432957648339,0.108804245665815,0.23661702228651,1.7258470925807,1.7258470925807,161,2411,338,NA
"NC_071298.1_7000000_7250000.vcf",0.502155379793419,0.0961859472531651,0.252160025455473,1.67230000949683,1.67230000949683,187,2159,275,NA
"NC_071298.1_7125000_7375000.vcf",0.540609578419179,0.0695592980494217,0.292258716278562,1.61124046977919,1.61124046977919,200,1911,217,NA
"NC_071298.1_7250000_7500000.vcf",0.575563622086751,0.0502060910374898,0.33127348306962,1.25833427215351,1.25833427215351,395,2183,148,NA
"NC_071298.1_7375000_7625000.vcf",0.670010735192462,0.0171286815488186,0.448914385273143,1.24428731863037,1.24428731863037,407,2342,51,NA
"NC_071298.1_750000_1000000.vcf",-0.434620826404058,0.157980150279831,0.188895262744146,-0.549993814043928,0.549993814043928,1275,997,576,NA
"NC_071298.1_7500000_7750000.vcf",0.74157185695438,0.00576946747066935,0.549928819026768,1.7530280229353,1.7530280229353,154,1904,20,NA
"NC_071298.1_7625000_7875000.vcf",0.730608601833321,0.00695901710501829,0.53378892907284,2.60305938262209,2.60305938262209,41,1075,24,"Top 2% (both)"
"NC_071298.1_7750000_8000000.vcf",0.632602548598384,0.027276060166033,0.40018598449317,1.69249798984317,1.69249798984317,178,763,78,NA
"NC_071298.1_7875000_8125000.vcf",-0.29034256079806,0.359942959500118,0.0842988026107752,1.70612915451723,1.70612915451723,171,822,1237,NA
"NC_071298.1_8000000_8250000.vcf",0.384234673087978,0.217514420586408,0.147636284003025,1.2843471121012,1.2843471121012,371,1161,959,NA
"NC_071298.1_8125000_8375000.vcf",0.690069015340498,0.0130028955108703,0.476195245933004,1.30370066309121,1.30370066309121,356,1292,38,NA
"NC_071298.1_8250000_8500000.vcf",0.717414744851329,0.00862431920268212,0.514683916130097,2.66860205093389,2.66860205093389,36,726,27,"Top 2% (both)"
"NC_071298.1_8375000_8625000.vcf",0.440396083630041,0.151904677874589,0.193948710476678,1.71987186001552,1.71987186001552,163,701,550,NA
"NC_071298.1_8500000_8750000.vcf",-0.412631730302647,0.182512280544023,0.170264944852556,0.313375433156257,0.313375433156257,1648,616,768,NA
"NC_071298.1_8625000_8875000.vcf",-0.412917303095805,0.1821793693463,0.170500699195913,0.537324414959088,0.537324414959088,1299,550,744,NA
"NC_071298.1_875000_1125000.vcf",-0.396576515283268,0.201839240312411,0.15727293247422,-0.715218860792271,0.715218860792271,1022,1106,894,NA
"NC_071298.1_8750000_9000000.vcf",-0.413248707439705,0.181793503607684,0.170774494200587,0.098785180143054,0.098785180143054,1998,664,721,NA
"NC_071298.1_8875000_9125000.vcf",-0.413064087576555,0.182008400148089,0.170621940445452,-0.272850641458855,0.272850641458855,1715,730,729,NA
"NC_071298.1_9000000_9250000.vcf",-0.41311405612084,0.181950221420714,0.170663223364613,0.0767488086214941,0.0767488086214941,2042,631,728,NA
"NC_071298.1_9125000_9375000.vcf",-0.428998438745009,0.164041091436302,0.184039660445655,-0.123707751515389,0.123707751515389,1960,1107,603,NA
"NC_071298.1_9250000_9500000.vcf",0.314252535653566,0.319841011111549,0.098754656164696,0.588456309641255,0.588456309641255,1219,2595,1163,NA
"NC_071298.1_9375000_9625000.vcf",0.367918280962889,0.239332670830512,0.135363861466688,1.43543261628471,1.43543261628471,263,3273,1017,NA
"NC_071298.1_9500000_9750000.vcf",0.398645335889308,0.199281378934604,0.158918103826299,1.98814049328467,1.98814049328467,94,2892,880,NA
"NC_071298.1_9625000_9875000.vcf",0.397764635933867,0.200367820325452,0.158216705599602,2.17096350823649,2.17096350823649,65,2507,887,NA
"NC_071298.1_9750000_10000000.vcf",0.392270216287248,0.207227644251426,0.153875922586044,2.86160289134578,2.86160289134578,27,1431,922,NA
"NC_071298.1_9875000_10125000.vcf",0.231209235081182,0.469662426086358,0.0534577103868253,0.956207432347179,0.956207432347179,705,936,1445,NA
"NC_071299.1_0_250000.vcf",-0.175028738763694,0.586381265003998,0.0306350593932093,-1.85553341533517,1.85553341533517,127,2772,1641,NA
"NC_071299.1_1000000_1250000.vcf",0.273531582396014,0.389645186199008,0.0748195265680674,-0.46837466471482,0.46837466471482,1394,4617,1292,NA
"NC_071299.1_10000000_10250000.vcf",-0.408320668704723,0.187583984939544,0.166725768491472,-0.761890570682496,0.761890570682496,955,2344,834,NA
"NC_071299.1_10125000_10375000.vcf",-0.325540016764027,0.301804565632541,0.105976302514723,-0.476217107403726,0.476217107403726,1385,2683,1128,NA
"NC_071299.1_10250000_10500000.vcf",-0.324398844966168,0.303601651170593,0.105234610615384,-0.7146944036904,0.7146944036904,1024,2476,1133,NA
"NC_071299.1_10375000_10625000.vcf",-0.402319537547551,0.194787905044732,0.161861010292475,-1.27605113572759,1.27605113572759,380,1511,862,NA
"NC_071299.1_10500000_10750000.vcf",-0.134135225459368,0.677693411088783,0.0179922587090354,-1.07940012594517,1.07940012594517,558,2303,1759,NA
"NC_071299.1_10625000_10875000.vcf",-0.104735417653129,0.745985474308456,0.0109695077109754,-0.884364952121911,0.884364952121911,798,3397,1845,NA
"NC_071299.1_10750000_11000000.vcf",-0.177702575185004,0.5805824174295,0.0315782052273821,-0.557347437744569,0.557347437744569,1266,3829,1625,NA
"NC_071299.1_10875000_11125000.vcf",-0.117827734699602,0.715334304471926,0.0138833750644397,-0.343554705948181,0.343554705948181,1596,4453,1811,NA
"NC_071299.1_11000000_11250000.vcf",-0.279342865232924,0.379239454105274,0.0780324363565395,-0.097474680899079,0.097474680899079,2001,4250,1277,NA
"NC_071299.1_11125000_11375000.vcf",0.411058937813667,0.184352572747862,0.1689694503565,-0.188060422030345,0.188060422030345,1845,3708,810,NA
"NC_071299.1_1125000_1375000.vcf",0.255255631382639,0.423301238328892,0.0651554373525497,-0.395343403416295,0.395343403416295,1517,4747,1357,NA
"NC_071299.1_11250000_11500000.vcf",-0.306756352775363,0.332138527085201,0.094099459968043,-0.903687559512798,0.903687559512798,769,3884,1176,NA
"NC_071299.1_11375000_11625000.vcf",-0.276242187930951,0.384773537387637,0.0763097463928791,-1.33447392671968,1.33447392671968,330,4044,1286,NA
"NC_071299.1_125000_375000.vcf",-0.111720944215707,0.729586192555105,0.012481569376449,-0.761578330135217,0.761578330135217,957,3514,1833,NA
"NC_071299.1_1250000_1500000.vcf",0.250100310160235,0.43304536194611,0.0625501651422458,-0.901361834013921,0.901361834013921,774,4318,1374,NA
"NC_071299.1_1375000_1625000.vcf",0.0548291396818055,0.865608298830326,0.00300623455824694,-0.952995050113387,0.952995050113387,707,3635,2000,NA
"NC_071299.1_1500000_1750000.vcf",-0.071304993887279,0.825707031316761,0.00508440215326489,-0.693923148624857,0.693923148624857,1057,3633,1943,NA
"NC_071299.1_1625000_1875000.vcf",-0.0421135628379506,0.896605841624552,0.00177355217490602,-0.468979274752715,0.468979274752715,1393,2854,2029,NA
"NC_071299.1_1750000_2000000.vcf",-0.0218872445107209,0.946171248671193,0.000479051472272083,-0.567839285510734,0.567839285510734,1245,2227,2097,NA
"NC_071299.1_1875000_2125000.vcf",-0.0311511241535521,0.923438132127222,0.000970392536030019,-0.50940032533886,0.50940032533886,1345,3199,2064,NA
"NC_071299.1_2000000_2250000.vcf",0.0476204214397406,0.883162735767619,0.00226770453809851,-0.12240403828699,0.12240403828699,1961,4165,2014,NA
"NC_071299.1_2125000_2375000.vcf",0.0436520550086449,0.89284748457435,0.00190550190647776,0.523658807689484,0.523658807689484,1331,3322,2024,NA
"NC_071299.1_2250000_2500000.vcf",-0.0741502990448019,0.818851905427742,0.00549826684843355,0.839860127426362,0.839860127426362,859,2824,1936,NA
"NC_071299.1_2375000_2625000.vcf",-0.0902579555274475,0.78027585001769,0.00814649853599469,0.721237344597858,0.721237344597858,1006,2571,1889,NA
"NC_071299.1_250000_500000.vcf",0.0292990096656401,0.927979432063644,0.000858431967387272,0.0800514281363893,0.0800514281363893,2035,4055,2070,NA
"NC_071299.1_2500000_2750000.vcf",-0.0718214639177146,0.824461868305836,0.00515832267928358,0.383326261459623,0.383326261459623,1539,2962,1942,NA
"NC_071299.1_2625000_2875000.vcf",-0.0251951120926043,0.938048853182244,0.000634793673358898,0.548231648946695,0.548231648946695,1281,3929,2082,NA
"NC_071299.1_2750000_3000000.vcf",-0.0212902171289104,0.947637758376807,0.00045327334539615,0.529715000501167,0.529715000501167,1319,3828,2098,NA
"NC_071299.1_2875000_3125000.vcf",-0.0527226406330448,0.870732548584431,0.00277967683532119,0.342715370805265,0.342715370805265,1598,3523,2006,NA
"NC_071299.1_3000000_3250000.vcf",-0.0349539560698432,0.914120473836682,0.00122177904493253,0.382344336688881,0.382344336688881,1541,3458,2054,NA
"NC_071299.1_3125000_3375000.vcf",0.0204063799398888,0.94980904677294,0.000416420342251098,0.462370088289473,0.462370088289473,1405,2847,2101,NA
"NC_071299.1_3250000_3500000.vcf",-0.0456300481053432,0.888018459594485,0.00208210129009593,0.789559471537135,0.789559471537135,921,2333,2022,NA
"NC_071299.1_3375000_3625000.vcf",-0.0795061774391608,0.805979993687107,0.00632123225098732,0.990247273594041,0.990247273594041,663,2332,1919,NA
"NC_071299.1_3500000_3750000.vcf",-0.173223484572648,0.59030909315015,0.0300063756074905,1.12558884122163,1.12558884122163,506,2117,1651,NA
"NC_071299.1_3625000_3875000.vcf",-0.328966934731904,0.2964438213032,0.108219244146905,1.31775411021083,1.31775411021083,343,1523,1117,NA
"NC_071299.1_375000_625000.vcf",0.123268737977618,0.702705974250258,0.0151951817625947,-0.128388641503941,0.128388641503941,1951,3877,1796,NA
"NC_071299.1_3750000_4000000.vcf",-0.0195840881146083,0.951829420816424,0.00038353650728074,0.626939113595328,0.626939113595328,1165,2129,2106,NA
"NC_071299.1_3875000_4125000.vcf",0.317407462469824,0.314741311665777,0.100747497231533,1.13596147666026,1.13596147666026,498,3739,1154,NA
"NC_071299.1_4000000_4250000.vcf",0.364580086046942,0.243950160508907,0.132918639141996,1.38659126130912,1.38659126130912,295,3543,1027,NA
"NC_071299.1_4125000_4375000.vcf",0.404008815879078,0.192743083744255,0.163223123308015,1.17197832110025,1.17197832110025,462,2826,851,NA
"NC_071299.1_4250000_4500000.vcf",0.472559651323811,0.120811950317989,0.223312624059282,1.04388391646875,1.04388391646875,595,2593,405,NA
"NC_071299.1_4375000_4625000.vcf",0.465817587595102,0.126949152273959,0.216986024912921,1.01709021742227,1.01709021742227,622,1917,428,NA
"NC_071299.1_4500000_4750000.vcf",0.463108395914302,0.129471545292033,0.214469386366318,1.27773081268734,1.27773081268734,378,1290,442,NA
"NC_071299.1_4625000_4875000.vcf",0.462471671530954,0.130069070632908,0.213880046968634,0.779884219305909,0.779884219305909,933,1812,451,NA
"NC_071299.1_4750000_5000000.vcf",0.463543080458726,0.1290646506968,0.214872187441165,0.592195479833592,0.592195479833592,1214,2231,440,NA
"NC_071299.1_4875000_5125000.vcf",0.463722132206755,0.128897288667842,0.215038215898379,1.04630361726084,1.04630361726084,594,1371,437,NA
"NC_071299.1_500000_750000.vcf",0.1415947416121,0.660692662070649,0.0200490708521975,-0.346795450402014,0.346795450402014,1592,3561,1739,NA
"NC_071299.1_5000000_5250000.vcf",0.462888803632268,0.129677416198201,0.214266044528112,1.64065716990852,1.64065716990852,194,1211,446,NA
"NC_071299.1_5125000_5375000.vcf",0.463745319869569,0.128875625208008,0.215059721700929,1.4000531884629,1.4000531884629,285,1444,436,NA
"NC_071299.1_5250000_5500000.vcf",0.462772149714646,0.129786867611161,0.214158062551515,1.24113505162201,1.24113505162201,411,1135,449,NA
"NC_071299.1_5375000_5625000.vcf",0.461793075754285,0.130707863684985,0.213252844814603,1.17621743403556,1.17621743403556,460,572,457,NA
"NC_071299.1_5500000_5750000.vcf",-0.145017632178314,0.652940107687881,0.0210301136426046,-0.143493154112028,0.143493154112028,1923,301,1728,NA
"NC_071299.1_5625000_5875000.vcf",0.0360919719489793,0.911333998369441,0.00130263043916591,-0.762011362970501,0.762011362970501,954,404,2049,NA
"NC_071299.1_5750000_6000000.vcf",-0.176972293178536,0.582163963599287,0.0313191925528696,-0.49096680730158,0.49096680730158,1371,379,1629,NA
"NC_071299.1_5875000_6125000.vcf",0.111923335859058,0.72911256801145,0.0125268331098195,0.440013134706623,0.440013134706623,1438,254,1831,NA
"NC_071299.1_625000_875000.vcf",-0.0240705413384002,0.940809639465518,0.000579390960323634,-0.446984537859185,0.446984537859185,1428,3755,2088,NA
"NC_071299.1_6500000_6750000.vcf",-0.0380245566905697,0.906604105966117,0.00144586691151435,1.11945429437769,1.11945429437769,515,136,2042,NA
"NC_071299.1_6625000_6875000.vcf",0.293885438948831,0.353840392628088,0.086368651226147,0.409823502849974,0.409823502849974,1495,286,1226,NA
"NC_071299.1_6750000_7000000.vcf",0.374275351421339,0.23068368892377,0.140082038681567,-0.372788948867184,0.372788948867184,1552,558,987,NA
"NC_071299.1_6875000_7125000.vcf",-0.412630333700114,0.18251390958636,0.170263792289468,-0.39174217295145,0.39174217295145,1527,590,770,NA
"NC_071299.1_7000000_7250000.vcf",0.473351343281338,0.120104323055956,0.224061494186247,-0.00212671812238427,0.00212671812238427,2161,1123,398,NA
"NC_071299.1_7125000_7375000.vcf",0.477757886386928,0.116215451747792,0.228252598004904,0.467378131280363,0.467378131280363,1396,1720,370,NA
"NC_071299.1_7250000_7500000.vcf",0.462914847146656,0.129652988890345,0.214290155708812,1.94260328322186,1.94260328322186,104,1124,445,NA
"NC_071299.1_7375000_7625000.vcf",0.462725397997818,0.12983074964828,0.214114793952239,1.71501702576207,1.71501702576207,165,1009,450,NA
"NC_071299.1_750000_1000000.vcf",-0.0932396779667074,0.773182010246274,0.0086936375473353,-0.523411631072431,0.523411631072431,1332,4731,1882,NA
"NC_071299.1_7500000_7750000.vcf",0.462271388323563,0.130257394366224,0.213694836462594,1.13883570431709,1.13883570431709,495,1533,454,NA
"NC_071299.1_7625000_7875000.vcf",0.461730449328278,0.130766919516911,0.213195007836893,1.09689298819351,1.09689298819351,544,1188,458,NA
"NC_071299.1_7750000_8000000.vcf",0.46156950542265,0.130918767001677,0.21304640833611,1.02878672763625,1.02878672763625,613,1003,460,NA
"NC_071299.1_7875000_8125000.vcf",0.461485061331718,0.130998484263197,0.212968461832339,0.96712414352535,0.96712414352535,693,1855,462,NA
"NC_071299.1_8000000_8250000.vcf",0.462947138980437,0.129622705184473,0.214320053490172,0.738284955416394,0.738284955416394,980,2706,444,NA
"NC_071299.1_8125000_8375000.vcf",0.475357277373571,0.118323594649255,0.225964541152014,0.253868249756471,0.253868249756471,1737,2625,387,NA
"NC_071299.1_8250000_8500000.vcf",0.550988742345469,0.063352018769644,0.303588594191442,-0.791489216577483,0.791489216577483,915,2598,197,NA
"NC_071299.1_8375000_8625000.vcf",0.635597764619215,0.0263339560376472,0.403984518388943,-0.901182106916276,0.901182106916276,775,3931,76,NA
"NC_071299.1_8500000_8750000.vcf",0.611960532924628,0.0344426296131633,0.374495693857395,-0.99062678990176,0.99062678990176,661,4334,97,NA
"NC_071299.1_8625000_8875000.vcf",-0.467426108387446,0.125466835323901,0.218487166802233,-1.05667327336946,1.05667327336946,581,3138,422,NA
"NC_071299.1_875000_1125000.vcf",-0.370891411306191,0.235264076273127,0.137560438980698,-1.39516593509177,1.39516593509177,291,5256,1002,NA
"NC_071299.1_8750000_9000000.vcf",-0.440478874964844,0.151818685965141,0.194021639290295,-1.34223316759898,1.34223316759898,325,2372,548,NA
"NC_071299.1_8875000_9125000.vcf",-0.478081690608308,0.11593300570676,0.228562102894898,-0.961267163840265,0.961267163840265,703,2219,369,NA
"NC_071299.1_9000000_9250000.vcf",-0.496681786036489,0.10046127425337,0.246692796580397,-0.703077587718972,0.703077587718972,1037,2428,290,NA
"NC_071299.1_9125000_9375000.vcf",0.455993662179508,0.136250469516555,0.207930219947879,-0.764267743957942,0.764267743957942,951,2834,490,NA
"NC_071299.1_9250000_9500000.vcf",0.455405194279436,0.136821245125383,0.207393890976691,-0.249532639957557,0.249532639957557,1744,3370,492,NA
"NC_071299.1_9375000_9625000.vcf",0.356977319274058,0.254661067015126,0.127432806476093,0.142068006912231,0.142068006912231,1929,4004,1041,NA
"NC_071299.1_9500000_9750000.vcf",0.338769757483317,0.28140755482056,0.114764948585305,-0.135022110908201,0.135022110908201,1937,3375,1088,NA
"NC_071299.1_9625000_9875000.vcf",-0.423291881053365,0.170341081006624,0.179176016565696,-0.299098270096141,0.299098270096141,1670,2891,629,NA
"NC_071299.1_9750000_10000000.vcf",-0.351869700506345,0.262008357689838,0.123812286134425,-0.388030616050654,0.388030616050654,1531,3098,1057,NA
"NC_071299.1_9875000_10125000.vcf",-0.391364520684553,0.208371965378766,0.15316618805065,-0.685411239309194,0.685411239309194,1066,2648,926,NA
"NC_071300.1_0_250000.vcf",-0.467129113697207,0.125739671680225,0.218209608863538,0.890259222907033,0.890259222907033,786,793,425,NA
"NC_071300.1_1000000_1250000.vcf",-0.318414274957647,0.313123388846458,0.101387650496804,-0.0870282395191852,0.0870282395191852,2022,1384,1149,NA
"NC_071300.1_10000000_10250000.vcf",0.272127712652997,0.392180624372186,0.074053491993752,0.213565449577119,0.213565449577119,1810,4740,1300,NA
"NC_071300.1_10125000_10375000.vcf",0.221845205327428,0.48832808102756,0.0492152951267685,0.113778140252589,0.113778140252589,1974,3832,1479,NA
"NC_071300.1_10250000_10500000.vcf",0.292832994217336,0.355647447127818,0.0857511625022903,0.194643139769099,0.194643139769099,1838,3193,1231,NA
"NC_071300.1_10375000_10625000.vcf",0.460114825431903,0.132296436851737,0.211705652582231,0.151350775623283,0.151350775623283,1901,3317,468,NA
"NC_071300.1_10500000_10750000.vcf",0.574150545485587,0.050904921001053,0.329648848881398,0.245332421895677,0.245332421895677,1751,3810,152,NA
"NC_071300.1_10625000_10875000.vcf",0.560880273264642,0.057803820554818,0.314586680937419,0.472832339416149,0.472832339416149,1389,4574,176,NA
"NC_071300.1_10750000_11000000.vcf",0.616014335148126,0.0329395584185183,0.379473661107988,-0.140371986856623,0.140371986856623,1933,3699,92,NA
"NC_071300.1_10875000_11125000.vcf",0.564340485241789,0.0559456545481608,0.318480183282938,-0.344104063640639,0.344104063640639,1594,3249,168,NA
"NC_071300.1_11000000_11250000.vcf",0.443279707466495,0.148927896051697,0.196496899051581,-0.251892977710469,0.251892977710469,1740,3696,540,NA
"NC_071300.1_1125000_1375000.vcf",-0.298204772403677,0.346475339912885,0.0889260862843288,-0.411108684258449,0.411108684258449,1491,1646,1207,NA
"NC_071300.1_125000_375000.vcf",-0.497677950179037,0.0996739054205753,0.247683342094408,0.23670791712792,0.23670791712792,1769,2092,287,NA
"NC_071300.1_1250000_1500000.vcf",-0.408795788147899,0.187020800571842,0.167113996407462,-0.1421661563999,0.1421661563999,1928,1826,830,NA
"NC_071300.1_1375000_1625000.vcf",-0.482199102233789,0.112380920734055,0.232515974195072,0.441823033730463,0.441823033730463,1436,1582,354,NA
"NC_071300.1_1500000_1750000.vcf",0.142170480267999,0.659386495455968,0.0202124454596334,-0.437542553058538,0.437542553058538,1444,2291,1736,NA
"NC_071300.1_1625000_1875000.vcf",0.171835910731306,0.593335041584377,0.0295275802168572,-0.962452041624126,0.962452041624126,699,3006,1652,NA
"NC_071300.1_1750000_2000000.vcf",0.28381288666119,0.371334352264193,0.0805497546349577,-1.20887580130166,1.20887580130166,429,2794,1261,NA
"NC_071300.1_1875000_2125000.vcf",0.320934208970622,0.309094140419935,0.102998766487599,-1.27458928720887,1.27458928720887,383,2387,1141,NA
"NC_071300.1_2000000_2250000.vcf",0.354507875218793,0.258198158401157,0.125675833592143,-1.49978531081334,1.49978531081334,232,2455,1047,NA
"NC_071300.1_2125000_2375000.vcf",0.339552119582665,0.280226629918302,0.115295641913081,-1.70204468221865,1.70204468221865,174,2482,1084,NA
"NC_071300.1_2250000_2500000.vcf",0.153953701563954,0.632850211029521,0.0237017422252431,-1.68301510851393,1.68301510851393,182,2566,1703,NA
"NC_071300.1_2375000_2625000.vcf",0.187104411104621,0.560374494640156,0.035008060654807,-1.34072568604939,1.34072568604939,327,3526,1599,NA
"NC_071300.1_250000_500000.vcf",0.441683145229327,0.150571377966313,0.195084000779671,0.387228900229501,0.387228900229501,1534,2235,543,NA
"NC_071300.1_2500000_2750000.vcf",0.237442127488779,0.457425235582552,0.0563787639063974,-1.00308355751684,1.00308355751684,639,3003,1424,NA
"NC_071300.1_2625000_2875000.vcf",0.248711447203559,0.435688955075553,0.0618573839700888,-1.02367193250048,1.02367193250048,616,1805,1379,NA
"NC_071300.1_2750000_3000000.vcf",0.270199719215228,0.395676304806455,0.0730078882639878,-0.548978065096729,0.548978065096729,1278,2058,1303,NA
"NC_071300.1_2875000_3125000.vcf",0.239541467969375,0.453337771838891,0.057380114876923,-0.533484326369477,0.533484326369477,1309,2820,1414,NA
"NC_071300.1_3000000_3250000.vcf",0.281796746911256,0.374889131991557,0.0794094065697666,-0.445219238845858,0.445219238845858,1431,2824,1270,NA
"NC_071300.1_3125000_3375000.vcf",0.395964334438895,0.202599966364445,0.156787754147637,-0.356070030662343,0.356070030662343,1572,1902,900,NA
"NC_071300.1_3250000_3500000.vcf",0.3682639160944,0.238857558366841,0.135618311897183,-0.334940948895694,0.334940948895694,1612,1763,1014,NA
"NC_071300.1_3375000_3625000.vcf",0.288031454451594,0.363953521569592,0.0829621187535007,-0.352439665266403,0.352439665266403,1579,2052,1246,NA
"NC_071300.1_3500000_3750000.vcf",0.215431749848721,0.501302739303013,0.0464108388428818,-0.464177404278957,0.464177404278957,1403,2078,1498,NA
"NC_071300.1_3625000_3875000.vcf",0.14128923505581,0.661386111929996,0.019962647942656,-0.618098050931495,0.618098050931495,1174,2202,1741,NA
"NC_071300.1_375000_625000.vcf",0.277868865999715,0.381865092229702,0.0772111066919675,0.629486762164497,0.629486762164497,1161,1190,1281,NA
"NC_071300.1_3750000_4000000.vcf",0.254468225117957,0.424782494529858,0.0647540775946834,-0.480649614895251,0.480649614895251,1381,1990,1360,NA
"NC_071300.1_3875000_4125000.vcf",0.267249870550604,0.401055195260324,0.0714224933093147,-0.236653556547912,0.236653556547912,1770,2077,1319,NA
"NC_071300.1_4000000_4250000.vcf",0.265374291873573,0.404494289258931,0.0704235147874006,-0.229494645356525,0.229494645356525,1785,2352,1326,NA
"NC_071300.1_4125000_4375000.vcf",0.278502808418086,0.380734703116869,0.077563814296761,-0.303715546221868,0.303715546221868,1661,1993,1279,NA
"NC_071300.1_4250000_4500000.vcf",0.283573640274679,0.37175526024216,0.0804140094586329,-0.295551118433475,0.295551118433475,1678,1630,1262,NA
"NC_071300.1_4375000_4625000.vcf",0.274595904230411,0.387728583729508,0.0754029106201169,-0.156056256361422,0.156056256361422,1893,1590,1291,NA
"NC_071300.1_4500000_4750000.vcf",0.269740417495935,0.396511398581186,0.0727598928308816,-0.0937406506693869,0.0937406506693869,2009,1160,1305,NA
"NC_071300.1_4625000_4875000.vcf",0.28811986172372,0.363799674426483,0.0830130547196957,-0.143267461029063,0.143267461029063,1924,1022,1245,NA
"NC_071300.1_4750000_5000000.vcf",0.26860662924782,0.398576652875652,0.0721495212758759,-0.216935327912004,0.216935327912004,1804,1534,1310,NA
"NC_071300.1_4875000_5125000.vcf",0.275357649891175,0.386359823762596,0.075821835353591,-0.19747002326483,0.19747002326483,1835,1274,1289,NA
"NC_071300.1_500000_750000.vcf",-0.232068650001754,0.467966142616594,0.0538558583136364,-0.651591579155347,0.651591579155347,1123,652,1440,NA
"NC_071300.1_5000000_5250000.vcf",0.26262246227334,0.409566795926407,0.0689705576905116,-0.147951136544714,0.147951136544714,1910,712,1337,NA
"NC_071300.1_5125000_5375000.vcf",0.25538886370388,0.423050855468169,0.065223471703959,-0.273094566879288,0.273094566879288,1713,1030,1356,NA
"NC_071300.1_5250000_5500000.vcf",0.26120957627986,0.412183487061133,0.0682304427403042,-0.103888381893398,0.103888381893398,1988,961,1340,NA
"NC_071300.1_5375000_5625000.vcf",0.0357474150373441,0.91217756372749,0.00127787768185213,0.1037277296931,0.1037277296931,1990,1016,2051,NA
"NC_071300.1_5500000_5750000.vcf",0.0221557582988307,0.945511733906686,0.000490877625796207,0.104583275003751,0.104583275003751,1985,1313,2095,NA
"NC_071300.1_5625000_5875000.vcf",0.0416513730114534,0.897735302012857,0.00173483687373923,0.120766849182917,0.120766849182917,1964,1361,2031,NA
"NC_071300.1_5750000_6000000.vcf",0.246928574178532,0.439093943077617,0.0609737207458426,0.0341663606803682,0.0341663606803682,2113,1281,1386,NA
"NC_071300.1_5875000_6125000.vcf",0.277751570770503,0.382074431986526,0.077145935065482,0.0427640644713584,0.0427640644713584,2094,785,1282,NA
"NC_071300.1_6000000_6250000.vcf",0.286177768110176,0.367187187800142,0.0818977149605218,0.026147446244871,0.026147446244871,2122,780,1255,NA
"NC_071300.1_6125000_6375000.vcf",0.260218655966402,0.414023646048803,0.0677137489129608,-0.0445967590994461,0.0445967590994461,2090,1438,1342,NA
"NC_071300.1_625000_875000.vcf",0.235501960144567,0.461218179152408,0.0554611732319332,-0.58538834539978,0.58538834539978,1222,1634,1430,NA
"NC_071300.1_6250000_6500000.vcf",0.247127549732462,0.438713297863782,0.0610720258367704,-0.0495743846150422,0.0495743846150422,2086,1856,1384,NA
"NC_071300.1_6375000_6625000.vcf",0.41843099829664,0.175825792447662,0.175084500335523,0.316108347415719,0.316108347415719,1643,1665,655,NA
"NC_071300.1_6500000_6750000.vcf",-0.397705541698167,0.200440849336725,0.158169697897432,1.00870580827322,1.00870580827322,633,1249,888,NA
"NC_071300.1_6625000_6875000.vcf",-0.402262858677061,0.194856743831677,0.161815407471041,0.235567230673035,0.235567230673035,1771,1506,863,NA
"NC_071300.1_6750000_7000000.vcf",-0.487920815845776,0.1075654965352,0.238066722535608,-0.433197853560434,0.433197853560434,1457,1813,332,NA
"NC_071300.1_6875000_7125000.vcf",-0.49347413659455,0.103024825601025,0.243516723487737,-0.35658562984244,0.35658562984244,1570,1714,304,NA
"NC_071300.1_7000000_7250000.vcf",-0.48122160435638,0.11321760181639,0.231574232499329,0.162656284260518,0.162656284260518,1883,1251,358,NA
"NC_071300.1_7125000_7375000.vcf",-0.47696832993224,0.116906062143781,0.22749878775835,0.327347623878,0.327347623878,1628,940,377,NA
"NC_071300.1_7250000_7500000.vcf",-0.494389371057726,0.102288970195685,0.244420850214854,1.15549589800277,1.15549589800277,482,1095,296,NA
"NC_071300.1_7375000_7625000.vcf",-0.49070057316005,0.10527633173952,0.240787052499601,0.906741599669787,0.906741599669787,766,1178,323,NA
"NC_071300.1_750000_1000000.vcf",0.355173390007653,0.257242111570173,0.126148136969529,-0.333096915913866,0.333096915913866,1618,2628,1045,NA
"NC_071300.1_7500000_7750000.vcf",-0.416858034078201,0.17762400734151,0.173770620575543,0.902831735886673,0.902831735886673,771,928,665,NA
"NC_071300.1_7625000_7875000.vcf",-0.327139083332572,0.29929643533724,0.107019979843675,0.668155223833498,0.668155223833498,1098,782,1122,NA
"NC_071300.1_7750000_8000000.vcf",-0.390852300541819,0.209020840386273,0.152765520838832,1.00420279133942,1.00420279133942,636,1004,932,NA
"NC_071300.1_7875000_8125000.vcf",-0.461337724295505,0.131137649614683,0.212832495858155,1.28204905391234,1.28204905391234,372,1153,464,NA
"NC_071300.1_8000000_8250000.vcf",-0.492379135861343,0.103909843929016,0.242437213431563,0.871552593951028,0.871552593951028,817,1147,314,NA
"NC_071300.1_8125000_8375000.vcf",-0.483333287969276,0.111415262884304,0.233611067259191,0.791765774391686,0.791765774391686,914,1120,350,NA
"NC_071300.1_8250000_8500000.vcf",-0.459855324295826,0.13254318651708,0.211466919283219,1.10345372332933,1.10345372332933,534,1083,471,NA
"NC_071300.1_8375000_8625000.vcf",-0.490653568932901,0.105314768315965,0.240740924706593,1.38093682422521,1.38093682422521,301,1125,324,NA
"NC_071300.1_8500000_8750000.vcf",-0.493161269385341,0.103277180899204,0.243208037621761,1.10253278415047,1.10253278415047,535,1397,310,NA
"NC_071300.1_8625000_8875000.vcf",-0.477272814392796,0.116639415735199,0.22778933935842,0.585125059312864,0.585125059312864,1223,1513,374,NA
"NC_071300.1_875000_1125000.vcf",-0.41298168134225,0.182104371610822,0.170553869124272,-0.0438838419892168,0.0438838419892168,2093,1915,738,NA
"NC_071300.1_8750000_9000000.vcf",-0.486960554335548,0.108363905501056,0.237130581478784,0.266117576740181,0.266117576740181,1722,1404,336,NA
"NC_071300.1_8875000_9125000.vcf",-0.490983459796052,0.10504520523221,0.241064757793301,0.388067070830776,0.388067070830776,1530,1571,321,NA
"NC_071300.1_9000000_9250000.vcf",-0.479650330840531,0.11457113084075,0.230064439875431,-0.970547745546717,0.970547745546717,691,2718,362,NA
"NC_071300.1_9125000_9375000.vcf",-0.393220520917605,0.206031086460411,0.154622378070713,-1.00417181560856,1.00417181560856,637,3330,916,NA
"NC_071300.1_9250000_9500000.vcf",0.395172705774611,0.203586280065368,0.156161467389227,-0.507341858598182,0.507341858598182,1350,2698,904,NA
"NC_071300.1_9375000_9625000.vcf",0.328077050896567,0.297830692189363,0.107634551324989,-0.787264279776294,0.787264279776294,925,3103,1118,NA
"NC_071300.1_9500000_9750000.vcf",-0.272643303093511,0.391248474730811,0.0743343707217398,-1.19262680773271,1.19262680773271,446,3951,1297,NA
"NC_071300.1_9625000_9875000.vcf",-0.117861718738926,0.715255221742573,0.0138913847440937,-1.9356118016542,1.9356118016542,105,4418,1810,NA
"NC_071300.1_9750000_10000000.vcf",-0.0503653182661628,0.876472356023853,0.00253666528405187,-2.15710381581012,2.15710381581012,68,4699,2010,NA
"NC_071300.1_9875000_10125000.vcf",-0.229005875162387,0.474024350250466,0.0524436908588907,-0.857239400111401,0.857239400111401,833,4546,1459,NA
"NC_071301.1_0_250000.vcf",0.541607892417979,0.0689447719409435,0.293339109129445,-0.774083757116483,0.774083757116483,938,1262,215,NA
"NC_071301.1_1000000_1250000.vcf",0.0100392681446375,0.975297308305732,0.000100786904879934,-0.573247746326234,0.573247746326234,1235,1241,2143,NA
"NC_071301.1_10000000_10250000.vcf",0.449328678348692,0.142805677132747,0.201896261186583,-0.441473242111968,0.441473242111968,1437,2463,517,NA
"NC_071301.1_10125000_10375000.vcf",-0.384695186569349,0.216916722345051,0.147990386569626,-0.15460023577641,0.15460023577641,1894,2145,956,NA
"NC_071301.1_10250000_10500000.vcf",-0.174225997793311,0.588126591387074,0.0303546983070747,-0.516035328989294,0.516035328989294,1335,1313,1646,NA
"NC_071301.1_10375000_10625000.vcf",-0.162450350667289,0.613956903890732,0.026390116431925,0.297380124716664,0.297380124716664,1673,2340,1680,NA
"NC_071301.1_10500000_10750000.vcf",0.548324725247721,0.0649071128493865,0.300660004317989,0.245181571369182,0.245181571369182,1753,4463,205,NA
"NC_071301.1_10625000_10875000.vcf",0.540951710009015,0.0693482711629513,0.292628752561678,-0.0817061487442293,0.0817061487442293,2032,4092,216,NA
"NC_071301.1_10750000_11000000.vcf",0.456250528688866,0.136001810102712,0.20816454492887,0.0116796006569619,0.0116796006569619,2150,2661,487,NA
"NC_071301.1_10875000_11125000.vcf",0.491038006507849,0.105000677893756,0.241118323835203,0.612608803852492,0.612608803852492,1180,1634,319,NA
"NC_071301.1_1125000_1375000.vcf",-0.171042946168956,0.595066972990756,0.0292556894341563,-0.263798448837955,0.263798448837955,1726,3039,1657,NA
"NC_071301.1_125000_375000.vcf",-0.0587013274083025,0.856201364317958,0.00344584583949672,-0.666734629178885,0.666734629178885,1100,1914,1981,NA
"NC_071301.1_1250000_1500000.vcf",0.00359951380235287,0.99114197452822,1.29564996133288e-05,-0.576826004415762,0.576826004415762,1233,3594,2154,NA
"NC_071301.1_1375000_1625000.vcf",0.4203623492279,0.173633516736683,0.176704504648399,-0.572906013942037,0.572906013942037,1236,2430,648,NA
"NC_071301.1_1500000_1750000.vcf",0.463567861693288,0.129041478908383,0.214895162394887,-0.258187734774882,0.258187734774882,1733,2011,439,NA
"NC_071301.1_1625000_1875000.vcf",0.305045967584406,0.334979851602021,0.0930530423395064,-0.497194943942212,0.497194943942212,1362,2367,1181,NA
"NC_071301.1_1750000_2000000.vcf",0.189694716950863,0.554857915320543,0.0359840856390682,-0.617468331514081,0.617468331514081,1175,2578,1586,NA
"NC_071301.1_1875000_2125000.vcf",0.087432585733505,0.787011941615992,0.0076444570480467,-0.607142595724801,0.607142595724801,1183,2509,1899,NA
"NC_071301.1_2000000_2250000.vcf",0.301562738461122,0.340806752607226,0.0909400852281711,0.0990817569932352,0.0990817569932352,1997,2987,1196,NA
"NC_071301.1_2125000_2375000.vcf",0.412869007057121,0.182235644663868,0.170460816988333,0.264202326252906,0.264202326252906,1725,2482,751,NA
"NC_071301.1_2250000_2500000.vcf",0.436802298821371,0.155667424970231,0.190796248255635,0.95545920258823,0.95545920258823,706,2401,566,NA
"NC_071301.1_2375000_2625000.vcf",-0.506052576805787,0.0932174957384025,0.256089210491777,1.38621988601464,1.38621988601464,296,3708,266,NA
"NC_071301.1_250000_500000.vcf",0.0817439257639771,0.800614843150239,0.00668206939930659,-1.00685897498323,1.00685897498323,634,2028,1911,NA
"NC_071301.1_2500000_2750000.vcf",-0.171245434610598,0.594624529068004,0.0293249988749726,1.33806074724785,1.33806074724785,328,3579,1656,NA
"NC_071301.1_2625000_2875000.vcf",-0.200564464092154,0.531956078847358,0.0402261042565731,0.888274099861455,0.888274099861455,789,2481,1558,NA
"NC_071301.1_2750000_3000000.vcf",-0.0668958696361712,0.836351782406558,0.00447505737437961,-0.951925622776184,0.951925622776184,711,2203,1952,NA
"NC_071301.1_2875000_3125000.vcf",-0.0683977155039939,0.832723025255613,0.00467824748616529,-1.43207074949133,1.43207074949133,266,2434,1947,NA
"NC_071301.1_3000000_3250000.vcf",-0.0146532532976322,0.963949581313401,0.00021471783220457,-1.89600531432394,1.89600531432394,115,2053,2126,NA
"NC_071301.1_3125000_3375000.vcf",0.0411321898581159,0.899004245594348,0.00169185704252409,-1.395867225202,1.395867225202,290,1752,2032,NA
"NC_071301.1_3250000_3500000.vcf",0.109362987924628,0.735110493477106,0.0119602631278023,-1.03007528621699,1.03007528621699,611,1830,1837,NA
"NC_071301.1_3375000_3625000.vcf",0.112778756262518,0.727111727175125,0.0127190478641203,-0.942005222510057,0.942005222510057,723,2043,1826,NA
"NC_071301.1_3500000_3750000.vcf",0.114280832019867,0.723602139814174,0.0130601085671531,-1.07702620772368,1.07702620772368,562,1557,1823,NA
"NC_071301.1_3625000_3875000.vcf",0.113833241167052,0.724647424328072,0.0129580067945962,-1.31947949591173,1.31947949591173,341,1228,1824,NA
"NC_071301.1_375000_625000.vcf",0.193041534122132,0.547763467403374,0.0372650338962262,-0.836920169469542,0.836920169469542,867,3032,1580,NA
"NC_071301.1_3750000_4000000.vcf",0.116205015666929,0.719113438697107,0.0135036056661512,-1.0012580226743,1.0012580226743,644,2099,1817,NA
"NC_071301.1_3875000_4125000.vcf",0.141550420521575,0.660793248516222,0.0200365215498346,-0.595748012193438,0.595748012193438,1204,2319,1740,NA
"NC_071301.1_4000000_4250000.vcf",0.296876142623619,0.348732037414667,0.0881354440590792,-0.171763851421886,0.171763851421886,1867,1895,1211,NA
"NC_071301.1_4125000_4375000.vcf",-0.448665090128417,0.143469244955547,0.20130036309994,-0.205520415450779,0.205520415450779,1827,1751,520,NA
"NC_071301.1_4250000_4500000.vcf",0.282359663043213,0.373894847016857,0.0797269793138768,-0.396236814192852,0.396236814192852,1513,2303,1268,NA
"NC_071301.1_4375000_4625000.vcf",0.204016857578412,0.524767614304916,0.0416228781761701,-0.546499572627623,0.546499572627623,1285,2287,1546,NA
"NC_071301.1_4500000_4750000.vcf",-0.445307062018249,0.146857589776333,0.198298379483325,-0.548945405650882,0.548945405650882,1279,2118,534,NA
"NC_071301.1_4625000_4875000.vcf",-0.454145321606036,0.138048439205042,0.20624797313665,-0.536490852059962,0.536490852059962,1302,1612,499,NA
"NC_071301.1_4750000_5000000.vcf",-0.450991992681098,0.141151113287899,0.203393777462468,-0.141212108775717,0.141212108775717,1931,1065,508,NA
"NC_071301.1_4875000_5125000.vcf",-0.449800856054342,0.142334719889589,0.202320810107219,0.557656347113948,0.557656347113948,1265,1221,512,NA
"NC_071301.1_500000_750000.vcf",0.0670413806146661,0.836000069804436,0.00449454671472053,-1.0155682527716,1.0155682527716,624,3495,1951,NA
"NC_071301.1_5000000_5250000.vcf",-0.421112354014334,0.17278683158548,0.177335614703494,1.23676928900055,1.23676928900055,416,724,644,NA
"NC_071301.1_5125000_5375000.vcf",-0.415701883122348,0.17895302283483,0.172808055631466,1.21626790885348,1.21626790885348,424,773,671,NA
"NC_071301.1_5250000_5500000.vcf",0.412414449948667,0.182765832214877,0.170085678526462,1.00389699015767,1.00389699015767,638,1211,781,NA
"NC_071301.1_5375000_5625000.vcf",0.424466409787917,0.169032166717949,0.180171733038244,1.3015737500505,1.3015737500505,362,1446,625,NA
"NC_071301.1_5500000_5750000.vcf",0.426159249379943,0.167156812363233,0.181611705832077,1.87368927586129,1.87368927586129,121,1571,615,NA
"NC_071301.1_5625000_5875000.vcf",-0.112159019062042,0.728561146136631,0.0125796455569596,1.93320670792663,1.93320670792663,107,1703,1828,NA
"NC_071301.1_5750000_6000000.vcf",-0.264019257054614,0.406988093794718,0.0697061680956705,1.81312677035065,1.81312677035065,138,1689,1331,NA
"NC_071301.1_5875000_6125000.vcf",0.423665489559114,0.169924036222143,0.179492447043363,2.01570305671407,2.01570305671407,90,1497,627,NA
"NC_071301.1_6000000_6250000.vcf",0.425151043596296,0.168272130354035,0.18075340987102,1.97619164894355,1.97619164894355,98,1665,620,NA
"NC_071301.1_6125000_6375000.vcf",0.329876211425751,0.295030484050566,0.108818314864607,2.12883850397206,2.12883850397206,78,1731,1112,NA
"NC_071301.1_625000_875000.vcf",0.0642359410174943,0.842785848724056,0.00412625611840301,-1.08704713746578,1.08704713746578,552,3464,1962,NA
"NC_071301.1_6250000_6500000.vcf",0.336994275161819,0.284098033898776,0.11356514149184,2.56491681574405,2.56491681574405,44,1337,1094,NA
"NC_071301.1_6375000_6625000.vcf",-0.104250574462422,0.747127378494759,0.0108681822757451,1.70521976586188,1.70521976586188,173,1799,1847,NA
"NC_071301.1_6500000_6750000.vcf",-0.101070037370563,0.754629673619785,0.0102151524540869,1.35220603684677,1.35220603684677,318,3357,1859,NA
"NC_071301.1_6625000_6875000.vcf",-0.30373174639049,0.337171966864631,0.0922529737654167,1.53088591154866,1.53088591154866,221,3433,1186,NA
"NC_071301.1_6750000_7000000.vcf",0.373236848334959,0.232083666053765,0.139305744955013,1.75255934030611,1.75255934030611,155,2734,991,NA
"NC_071301.1_6875000_7125000.vcf",0.378906238473886,0.224502428669151,0.14356993755443,1.75455348544755,1.75455348544755,153,2661,978,NA
"NC_071301.1_7000000_7250000.vcf",0.442672554254363,0.14955153139979,0.195958990290082,1.27565236199296,1.27565236199296,381,2897,542,NA
"NC_071301.1_7125000_7375000.vcf",0.394029096324219,0.205016310203545,0.15525892875008,0.929692021578017,0.929692021578017,738,3074,912,NA
"NC_071301.1_7250000_7500000.vcf",-0.471347076307256,0.121901067777348,0.222168066343398,0.565908899122016,0.565908899122016,1250,3340,413,NA
"NC_071301.1_7375000_7625000.vcf",-0.601385170579332,0.0385939404673851,0.361664123392733,0.0500822366761573,0.0500822366761573,2085,3001,109,NA
"NC_071301.1_750000_1000000.vcf",0.0953023578594264,0.768283945990294,0.00908253941356618,-0.691318353794859,0.691318353794859,1058,2712,1879,NA
"NC_071301.1_7500000_7750000.vcf",-0.662115842273674,0.0189904721799781,0.438397388589777,-0.328819860780162,0.328819860780162,1625,2466,57,NA
"NC_071301.1_7625000_7875000.vcf",-0.694287323036679,0.0122386318600468,0.482034886929437,-0.671543545479098,0.671543545479098,1092,2780,36,NA
"NC_071301.1_7750000_8000000.vcf",0.472751610993576,0.120640122828762,0.223494085697022,-1.09735957554312,1.09735957554312,543,2800,404,NA
"NC_071301.1_7875000_8125000.vcf",0.279145127237063,0.379591141930056,0.0779220020601962,-1.31358300139811,1.31358300139811,345,3181,1278,NA
"NC_071301.1_8000000_8250000.vcf",-0.155932324637792,0.628431970355185,0.0243148898669457,-0.805820866742924,0.805820866742924,899,3378,1699,NA
"NC_071301.1_8125000_8375000.vcf",0.0770839732876617,0.811796050284045,0.00594193893781294,-0.227561969597913,0.227561969597913,1788,3187,1924,NA
"NC_071301.1_8250000_8500000.vcf",0.219024032331626,0.494016580404308,0.0479715267388053,0.572741909471736,0.572741909471736,1237,3029,1487,NA
"NC_071301.1_8375000_8625000.vcf",-0.259144690085117,0.416022624965974,0.0671559703993114,1.72159935827417,1.72159935827417,162,2365,1346,NA
"NC_071301.1_8500000_8750000.vcf",-0.20087259868658,0.531312791717937,0.0403498009030996,1.77030461316479,1.77030461316479,147,2327,1557,NA
"NC_071301.1_8625000_8875000.vcf",-0.244997804137206,0.442795818688077,0.0600239240320529,1.86819756889274,1.86819756889274,122,1837,1397,NA
"NC_071301.1_875000_1125000.vcf",0.0734151216806779,0.820622054317102,0.00538978009138875,-0.849229467639257,0.849229467639257,844,1326,1939,NA
"NC_071301.1_8750000_9000000.vcf",0.162485499086317,0.613879183301118,0.0264015374133294,0.00973585451961394,0.00973585451961394,2152,1165,1679,NA
"NC_071301.1_8875000_9125000.vcf",0.0984222856207181,0.760890139183359,0.00968694630680621,-0.594119972243543,0.594119972243543,1210,2427,1874,NA
"NC_071301.1_9000000_9250000.vcf",0.325963181723703,0.301139692760697,0.10625199583944,-0.188371586367108,0.188371586367108,1844,3395,1127,NA
"NC_071301.1_9125000_9375000.vcf",0.422680310472553,0.171025142162788,0.178658644861174,0.232908511671886,0.232908511671886,1779,2593,633,NA
"NC_071301.1_9250000_9500000.vcf",-0.384609105157755,0.217028371504638,0.147924163770249,0.360030778614892,0.360030778614892,1565,2242,957,NA
"NC_071301.1_9375000_9625000.vcf",0.398527296062435,0.199426783977492,0.158824005706836,-0.104462507596547,0.104462507596547,1986,2443,882,NA
"NC_071301.1_9500000_9750000.vcf",-0.00843939752115028,0.97923314233945,7.12234305199975e-05,-0.583101417522646,0.583101417522646,1225,2922,2147,NA
"NC_071301.1_9625000_9875000.vcf",-0.0994108780625783,0.758551104652392,0.00988252267717281,-0.65216763246787,0.65216763246787,1121,3771,1869,NA
"NC_071301.1_9750000_10000000.vcf",-0.218995436219882,0.494074392504618,0.0479590010851364,-0.386876242789917,0.386876242789917,1535,3751,1488,NA
"NC_071301.1_9875000_10125000.vcf",0.367842207438862,0.239437317131744,0.135307889573495,-0.473941723295203,0.473941723295203,1387,2977,1018,NA
"NC_071302.1_0_250000.vcf",-0.0745922946425713,0.817788048215158,0.00556401042004417,-1.31780243472664,1.31780243472664,342,1223,1933,NA
"NC_071302.1_1000000_1250000.vcf",-0.161543270804918,0.615963908811341,0.026096228342351,-0.167845622268866,0.167845622268866,1872,3931,1684,NA
"NC_071302.1_10000000_10250000.vcf",0.347499386740231,0.268391552339458,0.120755823784837,-1.20351078249782,1.20351078249782,436,1881,1070,NA
"NC_071302.1_10125000_10375000.vcf",-0.422512265051808,0.171213408311818,0.17851661411921,-0.437343279738193,0.437343279738193,1448,1254,636,NA
"NC_071302.1_10250000_10500000.vcf",-0.408171625377171,0.187760870257699,0.166604075763042,-0.849453698892968,0.849453698892968,843,1710,836,NA
"NC_071302.1_10375000_10625000.vcf",-0.11095271481387,0.731384744493589,0.0123105049245679,-1.47625527772137,1.47625527772137,246,1134,1835,NA
"NC_071302.1_10500000_10750000.vcf",0.405769987634952,0.190625397212717,0.164649282865269,-0.463001969277217,0.463001969277217,1404,635,847,NA
"NC_071302.1_10625000_10875000.vcf",-0.457934861940572,0.134378578930392,0.209704337780531,1.03433645781831,1.03433645781831,606,1660,478,NA
"NC_071302.1_1125000_1375000.vcf",-0.101306133668482,0.754072088658427,0.0102629327188563,-1.06739548746985,1.06739548746985,570,4397,1855,NA
"NC_071302.1_125000_375000.vcf",-0.00628467861770087,0.984534613180524,3.94971853277865e-05,-0.873380031559421,0.873380031559421,815,2759,2148,NA
"NC_071302.1_1250000_1500000.vcf",-0.147157736687343,0.648108858156154,0.0216553994669414,-1.27209090032761,1.27209090032761,387,3604,1722,NA
"NC_071302.1_1375000_1625000.vcf",-0.279697826577649,0.378608558787658,0.0782308741922606,-1.2294007572865,1.2294007572865,420,3040,1276,NA
"NC_071302.1_1500000_1750000.vcf",-0.354568517144439,0.258110957538516,0.125718833350007,-1.10757749691643,1.10757749691643,527,2980,1046,NA
"NC_071302.1_1625000_1875000.vcf",-0.448109976883022,0.144025863416257,0.200802551382103,-0.842865599227736,0.842865599227736,853,2351,522,NA
"NC_071302.1_1750000_2000000.vcf",0.602416108333669,0.0381743343331112,0.362905167579882,0.584468455551751,0.584468455551751,1224,2492,106,NA
"NC_071302.1_1875000_2125000.vcf",0.558831713901269,0.0589239491127704,0.31229288446183,1.07229009972589,1.07229009972589,565,3272,182,NA
"NC_071302.1_2000000_2250000.vcf",0.603263612507509,0.0378318300700377,0.36392698617561,1.29395417268896,1.29395417268896,365,3755,104,NA
"NC_071302.1_2125000_2375000.vcf",0.612262394209061,0.0343290458905022,0.374865239362611,1.37934161447546,1.37934161447546,303,3710,96,NA
"NC_071302.1_2250000_2500000.vcf",0.612442401642897,0.0342614408117485,0.37508569533012,1.31201650216158,1.31201650216158,350,3428,94,NA
"NC_071302.1_2375000_2625000.vcf",0.610842478528552,0.0348656718971464,0.373128533574905,1.50110359459841,1.50110359459841,230,3556,99,NA
"NC_071302.1_250000_500000.vcf",-0.0584935652596705,0.856705667678545,0.00342149717678733,-0.644375579293882,0.644375579293882,1138,4065,1982,NA
"NC_071302.1_2500000_2750000.vcf",0.597348040846105,0.0402687394006053,0.356824681902681,1.28835139662068,1.28835139662068,370,2628,117,NA
"NC_071302.1_2625000_2875000.vcf",0.5647117532165,0.0557487898504572,0.318899364220853,1.06069659862085,1.06069659862085,577,2217,167,NA
"NC_071302.1_2750000_3000000.vcf",0.60059982270767,0.0389157837332308,0.360720147036484,1.1999741234404,1.1999741234404,439,2833,111,NA
"NC_071302.1_2875000_3125000.vcf",0.581928783336418,0.0471416419148895,0.338641108875404,1.71171275157966,1.71171275157966,168,2413,137,NA
"NC_071302.1_3000000_3250000.vcf",0.586892419671272,0.0448452776517717,0.3444427122676,1.93197482050324,1.93197482050324,109,2268,130,NA
"NC_071302.1_3125000_3375000.vcf",0.599111102286668,0.0395311100406183,0.358934112883147,1.82411712669337,1.82411712669337,136,2598,114,NA
"NC_071302.1_3250000_3500000.vcf",0.611133978062734,0.0347550199802952,0.373484739142782,1.92415915628441,1.92415915628441,112,2357,98,NA
"NC_071302.1_3375000_3625000.vcf",0.5983490484434,0.0398487488589414,0.358021583773122,1.38566853757504,1.38566853757504,298,2751,115,NA
"NC_071302.1_3500000_3750000.vcf",-0.0628587782949565,0.846120544218503,0.0039512260087345,0.682129423681946,0.682129423681946,1070,2192,1969,NA
"NC_071302.1_3625000_3875000.vcf",-0.209696913227149,0.513032726874905,0.0439727954169943,-0.433195547292471,0.433195547292471,1458,753,1514,NA
"NC_071302.1_375000_625000.vcf",0.461566004225595,0.130922071588703,0.213043176256782,0.0646594992541072,0.0646594992541072,2062,3302,461,NA
"NC_071302.1_3750000_4000000.vcf",-0.268902940832724,0.398036381286981,0.0723087915884874,-0.591023959902856,0.591023959902856,1216,385,1309,NA
"NC_071302.1_3875000_4125000.vcf",0.509297767488432,0.0907932250368582,0.259384215968701,-1.95993357766845,1.95993357766845,101,1579,262,NA
"NC_071302.1_4000000_4250000.vcf",0.499441181210331,0.0982903905258699,0.249441493488771,-1.01133536548421,1.01133536548421,630,2814,282,NA
"NC_071302.1_4125000_4375000.vcf",0.331206758239,0.292969194380937,0.109697916703187,0.00768448542708981,0.00768448542708981,2154,2894,1111,NA
"NC_071302.1_4250000_4500000.vcf",-0.375046408142204,0.229647517533167,0.140659808260369,0.218836294701553,0.218836294701553,1802,2117,986,NA
"NC_071302.1_4375000_4625000.vcf",-0.415792538951618,0.178848588728367,0.172883435447832,-0.489744979207328,0.489744979207328,1372,943,670,NA
"NC_071302.1_4500000_4750000.vcf",0.491788082504947,0.104389653474553,0.241855518093892,1.10066712678047,1.10066712678047,541,1436,316,NA
"NC_071302.1_4625000_4875000.vcf",0.455203464160969,0.137017265994837,0.207210193784147,1.23953081246149,1.23953081246149,414,2263,494,NA
"NC_071302.1_4750000_5000000.vcf",0.452076090067873,0.140079404953293,0.204372791211056,1.58246660048908,1.58246660048908,209,1999,506,NA
"NC_071302.1_4875000_5125000.vcf",0.45344602760493,0.138732657158987,0.205613299950691,1.36833252791285,1.36833252791285,310,1968,501,NA
"NC_071302.1_500000_750000.vcf",-0.475307833310296,0.118367277493752,0.225917536406128,0.3482700162474,0.3482700162474,1589,2270,389,NA
"NC_071302.1_5000000_5250000.vcf",0.45672204665172,0.13554612327753,0.208595027897736,1.3033590269603,1.3033590269603,359,2104,484,NA
"NC_071302.1_5125000_5375000.vcf",0.532459692745215,0.0747176372828238,0.283513324398329,1.84131615748424,1.84131615748424,132,2157,227,NA
"NC_071302.1_5250000_5500000.vcf",0.582462547375589,0.0468908101396555,0.33926261909526,2.11701335014803,2.11701335014803,79,2462,136,NA
"NC_071302.1_5375000_5625000.vcf",0.580037380694047,0.0480380820796776,0.336443363002411,1.9491885736674,1.9491885736674,102,2618,141,NA
"NC_071302.1_5500000_5750000.vcf",-0.559814476177735,0.0583847179019195,0.313392247738152,0.779574166903111,0.779574166903111,934,2532,178,NA
"NC_071302.1_5625000_5875000.vcf",-0.14492483924732,0.653149864793648,0.0210032090308616,-0.35223506892013,0.35223506892013,1580,2702,1729,NA
"NC_071302.1_5750000_6000000.vcf",-0.0567823939657414,0.860861068327812,0.00322424026448067,-0.428536725173903,0.428536725173903,1466,2473,1989,NA
"NC_071302.1_5875000_6125000.vcf",0.243159970144297,0.446333381198291,0.0591267710805755,-0.156356605354716,0.156356605354716,1890,2113,1400,NA
"NC_071302.1_6000000_6250000.vcf",0.272683383236532,0.391176060171604,0.0743562274933215,-0.163578731191985,0.163578731191985,1878,2443,1296,NA
"NC_071302.1_6125000_6375000.vcf",0.27579344887378,0.385577864865579,0.0760620264416945,-0.328445608941714,0.328445608941714,1626,2178,1288,NA
"NC_071302.1_625000_875000.vcf",-0.0842805416831994,0.794542699803797,0.00710320970641351,-0.297379424838244,0.297379424838244,1674,2501,1907,NA
"NC_071302.1_6250000_6500000.vcf",0.217231651363102,0.497646065679799,0.0471895903539402,-0.536356029551123,0.536356029551123,1303,1394,1493,NA
"NC_071302.1_6375000_6625000.vcf",0.265007582403556,0.405168421353351,0.0702290187313777,-0.114014168259025,0.114014168259025,1973,1750,1328,NA
"NC_071302.1_6500000_6750000.vcf",0.293329435278869,0.354794446083487,0.0860421576010204,0.147531578724448,0.147531578724448,1913,2325,1227,NA
"NC_071302.1_6625000_6875000.vcf",0.294922776548139,0.352064059826545,0.0869794441268633,0.183506382223223,0.183506382223223,1853,2279,1217,NA
"NC_071302.1_6750000_7000000.vcf",0.292729716237937,0.355825039145981,0.0856906867687433,0.164470487531919,0.164470487531919,1875,2229,1232,NA
"NC_071302.1_6875000_7125000.vcf",0.292716905149459,0.355847071774605,0.0856831865602771,0.208304513594007,0.208304513594007,1822,2047,1233,NA
"NC_071302.1_7000000_7250000.vcf",0.294794611155018,0.352283272413977,0.0869038627660385,0.186849879445825,0.186849879445825,1847,2041,1218,NA
"NC_071302.1_7125000_7375000.vcf",0.344664821493015,0.272579159109632,0.118793839174812,0.229758347166523,0.229758347166523,1784,2393,1075,NA
"NC_071302.1_7250000_7500000.vcf",-0.483496685507432,0.111276598809913,0.233769044896672,0.200393696163242,0.200393696163242,1831,2000,349,NA
"NC_071302.1_7375000_7625000.vcf",-0.366976657679012,0.240629870296854,0.134671867281259,-0.816926282423012,0.816926282423012,887,1610,1021,NA
"NC_071302.1_750000_1000000.vcf",-0.147241569112772,0.647919859761196,0.0216800796747913,-0.412287412557859,0.412287412557859,1489,2993,1721,NA
"NC_071302.1_7500000_7750000.vcf",0.0998280835941461,0.757564541981786,0.00996564627407983,-0.934612500594026,0.934612500594026,731,2150,1868,NA
"NC_071302.1_7625000_7875000.vcf",0.199158436747169,0.534895618396333,0.0396640829275759,-0.838500445606516,0.838500445606516,862,2236,1563,NA
"NC_071302.1_7750000_8000000.vcf",-0.203101778573676,0.526668880043344,0.0412503324597906,-0.917024106810792,0.917024106810792,752,2614,1549,NA
"NC_071302.1_7875000_8125000.vcf",-0.09455377959708,0.770060639274883,0.00894041723609317,-1.0758804727366,1.0758804727366,563,2578,1880,NA
"NC_071302.1_8000000_8250000.vcf",-0.120949539151321,0.708080502599963,0.0146287910209169,-1.52660704194245,1.52660704194245,223,2125,1802,NA
"NC_071302.1_8125000_8375000.vcf",-0.174432779092177,0.587676812709208,0.0304267944218201,-1.68922328672277,1.68922328672277,180,2167,1645,NA
"NC_071302.1_8250000_8500000.vcf",-0.198657598255773,0.535944366656338,0.0394648413447522,-2.04344095549238,2.04344095549238,87,1675,1568,NA
"NC_071302.1_8375000_8625000.vcf",-0.179905937149689,0.575820965651356,0.0323661462217077,-2.02073670122351,2.02073670122351,88,1508,1619,NA
"NC_071302.1_8500000_8750000.vcf",-0.19864548563884,0.535969741068084,0.0394600289646907,-1.92904994627597,1.92904994627597,110,1176,1569,NA
"NC_071302.1_8625000_8875000.vcf",0.207411629799036,0.517740215382225,0.0430195841758924,-0.396191041499153,0.396191041499153,1514,788,1535,NA
"NC_071302.1_875000_1125000.vcf",-0.151168675259756,0.639087821713873,0.0228519683797897,-0.126066319132066,0.126066319132066,1956,3325,1710,NA
"NC_071302.1_8750000_9000000.vcf",-0.166798921394787,0.60436918431416,0.0278218801784643,-0.000668582144427073,0.000668582144427073,2164,1775,1668,NA
"NC_071302.1_8875000_9125000.vcf",-0.0842943586315123,0.794509653179225,0.00710553889709801,-0.145394939635592,0.145394939635592,1919,3060,1906,NA
"NC_071302.1_9000000_9250000.vcf",-0.165550896812372,0.607115042741442,0.0274070994353806,-0.233532563551075,0.233532563551075,1776,2839,1672,NA
"NC_071302.1_9125000_9375000.vcf",0.307655328547904,0.330650395575302,0.0946518011839189,-0.0316486324177852,0.0316486324177852,2117,2292,1173,NA
"NC_071302.1_9250000_9500000.vcf",-0.219572002361502,0.492909350113992,0.0482118642210393,-0.771118201581024,0.771118201581024,943,2304,1485,NA
"NC_071302.1_9375000_9625000.vcf",-0.0671031158267084,0.835850858791946,0.00450282815365265,-1.85990675552003,1.85990675552003,125,1795,1950,NA
"NC_071302.1_9500000_9750000.vcf",-0.063800138740024,0.843840857157109,0.00407045770324631,-1.92746424522455,1.92746424522455,111,911,1964,NA
"NC_071302.1_9625000_9875000.vcf",0.145108426292385,0.652734891204234,0.0210564553810526,-0.444428420666563,0.444428420666563,1433,1048,1726,NA
"NC_071302.1_9750000_10000000.vcf",-0.417385597608804,0.177019620080271,0.174210737091258,-0.731405513841602,0.731405513841602,990,1478,661,NA
"NC_071302.1_9875000_10125000.vcf",0.425012451880155,0.168425811770724,0.180635584253181,-1.13943741625757,1.13943741625757,493,2041,622,NA
"NC_071303.1_0_250000.vcf",-0.227013252630736,0.477985122686846,0.0515350168699864,-0.373943618171881,0.373943618171881,1551,1975,1466,NA
"NC_071303.1_1000000_1250000.vcf",-0.138005283493715,0.668855480886471,0.0190454582721807,0.665431653581608,0.665431653581608,1103,3659,1746,NA
"NC_071303.1_10000000_10250000.vcf",-0.516486801010178,0.085575096757962,0.266758615617727,0.706869191051317,0.706869191051317,1032,3131,252,NA
"NC_071303.1_10125000_10375000.vcf",-0.509999086077429,0.090274962749019,0.260099067799813,0.776616595042657,0.776616595042657,936,2567,259,NA
"NC_071303.1_10250000_10500000.vcf",-0.563855253990796,0.0562036791412663,0.317932747453025,1.7293550513202,1.7293550513202,159,1451,169,NA
"NC_071303.1_10375000_10625000.vcf",-0.411692644615499,0.183609703975425,0.169490833630504,-0.337327701371794,0.337327701371794,1608,522,800,NA
"NC_071303.1_10500000_10750000.vcf",-0.409594614889676,0.186076274651327,0.167767748546622,-0.445158942044525,0.445158942044525,1432,498,827,NA
"NC_071303.1_1125000_1375000.vcf",0.230843070659622,0.470386015344415,0.053288523271563,0.87459678103268,0.87459678103268,813,4015,1449,NA
"NC_071303.1_125000_375000.vcf",-0.300628643004543,0.342378561041446,0.0903775809947532,-0.579095677980772,0.579095677980772,1231,2270,1199,NA
"NC_071303.1_1250000_1500000.vcf",0.0541897716821451,0.867163125906653,0.00293653135496302,0.243824672401822,0.243824672401822,1754,3252,2003,NA
"NC_071303.1_1375000_1625000.vcf",-0.0117715563636973,0.971036287150315,0.000138569539223703,-0.221113782511996,0.221113782511996,1798,3090,2136,NA
"NC_071303.1_1500000_1750000.vcf",0.00387953770996235,0.990452891757125,1.50508128430199e-05,-0.187287182523965,0.187287182523965,1846,2653,2152,NA
"NC_071303.1_1625000_1875000.vcf",0.16804235312923,0.601638104619827,0.0282382324452089,-0.212588896325619,0.212588896325619,1813,2365,1665,NA
"NC_071303.1_1750000_2000000.vcf",-0.0250886561169542,0.938310172902594,0.000629440665754782,-0.368002127434986,0.368002127434986,1560,2533,2084,NA
"NC_071303.1_1875000_2125000.vcf",-0.0302994106926462,0.925526241520884,0.000918054288321646,-0.293237586184509,0.293237586184509,1683,2735,2067,NA
"NC_071303.1_2000000_2250000.vcf",-0.400349557448777,0.197189316774812,0.160279768149432,0.434684426911608,0.434684426911608,1454,2860,876,NA
"NC_071303.1_2125000_2375000.vcf",0.425946063149824,0.167392257749968,0.181430048712834,1.16158072930849,1.16158072930849,471,2975,616,NA
"NC_071303.1_2250000_2500000.vcf",0.385282189842162,0.216156293767327,0.148442365809572,1.2399981049196,1.2399981049196,413,2588,949,NA
"NC_071303.1_2375000_2625000.vcf",0.44854993732061,0.143584595972147,0.201197046270323,1.58836953756736,1.58836953756736,206,1336,521,NA
"NC_071303.1_250000_500000.vcf",0.418615095692292,0.175616080178428,0.175238598341467,-0.335278254942353,0.335278254942353,1611,1783,653,NA
"NC_071303.1_2500000_2750000.vcf",0.422534608505325,0.171188368788383,0.178535495384748,2.31108114359609,2.31108114359609,57,1218,635,NA
"NC_071303.1_2625000_2875000.vcf",0.326112434268495,0.300905384234833,0.106349319784523,1.82567498354635,1.82567498354635,135,2111,1126,NA
"NC_071303.1_2750000_3000000.vcf",0.353803012146623,0.259212984024656,0.125176571404023,1.77810766734659,1.77810766734659,144,1956,1051,NA
"NC_071303.1_2875000_3125000.vcf",0.353437635837173,0.259739945907147,0.12491816242617,1.49508011224371,1.49508011224371,234,2053,1054,NA
"NC_071303.1_3000000_3250000.vcf",0.324665721331254,0.303180847736438,0.105407830607544,1.09958848620025,1.09958848620025,542,2726,1132,NA
"NC_071303.1_3125000_3375000.vcf",0.387773893518999,0.212946400975549,0.150368592494884,0.952273986086532,0.952273986086532,710,3198,942,NA
"NC_071303.1_3250000_3500000.vcf",0.471222610603913,0.122013224257109,0.222050748744367,0.879913290456183,0.879913290456183,803,2622,414,NA
"NC_071303.1_3375000_3625000.vcf",0.420534626839584,0.1734388016707,0.176849372371109,0.605295629849977,0.605295629849977,1188,1167,647,NA
"NC_071303.1_3500000_3750000.vcf",-0.412912813912891,0.18218459975788,0.170496991893461,-0.773042322013722,0.773042322013722,939,581,745,NA
"NC_071303.1_3625000_3875000.vcf",-0.413158488761838,0.18189849791424,0.170699936835966,-0.096997297302287,0.096997297302287,2002,399,725,NA
"NC_071303.1_375000_625000.vcf",0.387603473196284,0.213165015644006,0.150236452433823,0.125382107652771,0.125382107652771,1959,2563,943,NA
"NC_071303.1_3750000_4000000.vcf",-0.413031895011987,0.182045888312905,0.170595346297193,0.350351367178031,0.350351367178031,1587,247,732,NA
"NC_071303.1_3875000_4125000.vcf",-0.409972883741112,0.185630047674257,0.168077765403003,0.701097562253558,0.701097562253558,1042,357,823,NA
"NC_071303.1_4000000_4250000.vcf",-0.334492262725294,0.287914185669155,0.111885073823087,0.567479640369986,0.567479640369986,1247,523,1103,NA
"NC_071303.1_4125000_4375000.vcf",-0.346568861828175,0.269762133936758,0.120109975988877,0.265430615102092,0.265430615102092,1723,805,1072,NA
"NC_071303.1_4250000_4500000.vcf",-0.370970637380894,0.235156225264534,0.137619213798787,0.399695498321893,0.399695498321893,1506,1051,1001,NA
"NC_071303.1_4375000_4625000.vcf",0.209146920677639,0.514163948703726,0.0437424344289388,0.218947456942665,0.218947456942665,1801,1839,1516,NA
"NC_071303.1_4500000_4750000.vcf",0.242166142140434,0.448251969706869,0.0586444403991807,-0.0443459081069838,0.0443459081069838,2091,2618,1403,NA
"NC_071303.1_4625000_4875000.vcf",0.263978473161523,0.407063271650697,0.0696846342926887,-0.282477186537167,0.282477186537167,1700,1930,1332,NA
"NC_071303.1_4750000_5000000.vcf",0.362989713810726,0.246168350463196,0.131761532332393,-0.275588231055039,0.275588231055039,1707,1278,1030,NA
"NC_071303.1_4875000_5125000.vcf",-0.322783670645044,0.306155365230963,0.104189298035088,-0.267715956258148,0.267715956258148,1719,1379,1136,NA
"NC_071303.1_500000_750000.vcf",-0.0816654807344055,0.800802787955475,0.00666925074358155,-0.112715299534341,0.112715299534341,1977,3014,1912,NA
"NC_071303.1_5000000_5250000.vcf",0.220230951411693,0.491579357510594,0.0485016719596993,-0.263610296871188,0.263610296871188,1727,1272,1483,NA
"NC_071303.1_5125000_5375000.vcf",0.176375661123316,0.583457322598259,0.0311083738366869,-0.421841766621569,0.421841766621569,1472,1536,1633,NA
"NC_071303.1_5250000_5500000.vcf",-0.0166937762604298,0.958932921376534,0.000278682165833288,-0.605213014057878,0.605213014057878,1191,1697,2115,NA
"NC_071303.1_5375000_5625000.vcf",-0.0161491741064625,0.960271708038609,0.000260795824320839,-1.10911307744218,1.10911307744218,524,1459,2118,NA
"NC_071303.1_5500000_5750000.vcf",-0.00605958382818304,0.985088472974103,3.67185561707774e-05,-1.27295431215293,1.27295431215293,386,1203,2149,NA
"NC_071303.1_5625000_5875000.vcf",0.0155816439924818,0.961666958343729,0.000242787629508444,-1.24231732364971,1.24231732364971,410,974,2121,NA
"NC_071303.1_5750000_6000000.vcf",-0.0163749828230731,0.95971659450857,0.000268140062455939,-1.12136263342384,1.12136263342384,511,1243,2117,NA
"NC_071303.1_5875000_6125000.vcf",-0.115192146635658,0.721475235601299,0.0132692306465309,-0.764851246955309,0.764851246955309,949,1536,1820,NA
"NC_071303.1_6000000_6250000.vcf",0.298875441346089,0.345339174406104,0.0893265294398195,-0.69530333772386,0.69530333772386,1054,1774,1203,NA
"NC_071303.1_6125000_6375000.vcf",0.287444151019356,0.364976419873738,0.0826241399552385,-0.713464798301467,0.713464798301467,1025,1842,1250,NA
"NC_071303.1_625000_875000.vcf",-0.270675765477184,0.394811709828355,0.0732653700166594,-0.859019936687983,0.859019936687983,829,3100,1301,NA
"NC_071303.1_6250000_6500000.vcf",0.100723459391741,0.75544837620447,0.0101452152718397,-0.675819554416232,0.675819554416232,1080,2038,1863,NA
"NC_071303.1_6375000_6625000.vcf",-0.0193365415632037,0.952437695099064,0.000373901839625503,-0.780129686846705,0.780129686846705,932,3234,2109,NA
"NC_071303.1_6500000_6750000.vcf",0.084880592913257,0.793107816277989,0.00720471505330605,-0.846896588652826,0.846896588652826,848,3384,1903,NA
"NC_071303.1_6625000_6875000.vcf",0.0916706311428857,0.776912990906783,0.00840350461413501,-0.680904700436622,0.680904700436622,1073,2957,1885,NA
"NC_071303.1_6750000_7000000.vcf",-0.0705594584116539,0.827505100317881,0.00497863717134591,-0.650509149555741,0.650509149555741,1128,3106,1944,NA
"NC_071303.1_6875000_7125000.vcf",-0.116934763577747,0.717413215994017,0.0136737389329836,-0.659235938015671,0.659235938015671,1112,3241,1815,NA
"NC_071303.1_7000000_7250000.vcf",0.199306898707147,0.534584908587841,0.0397232398722609,-0.696759770900524,0.696759770900524,1050,2998,1561,NA
"NC_071303.1_7125000_7375000.vcf",0.222701239192268,0.486607905156642,0.0495958419377718,-0.700157811839451,0.700157811839451,1044,3021,1475,NA
"NC_071303.1_7250000_7500000.vcf",0.197871225992174,0.537592771918991,0.0391530220756459,-0.342404900806943,0.342404900806943,1599,3619,1572,NA
"NC_071303.1_7375000_7625000.vcf",0.351783508537845,0.262133388241023,0.123751636879196,0.67783404965669,0.67783404965669,1079,4018,1058,NA
"NC_071303.1_750000_1000000.vcf",-0.288577324989677,0.363004138871794,0.0832768724981979,-0.638792195932426,0.638792195932426,1152,3284,1243,NA
"NC_071303.1_7500000_7750000.vcf",0.396790789772101,0.201573386051493,0.157442930847968,1.44999498761749,1.44999498761749,260,4378,891,NA
"NC_071303.1_7625000_7875000.vcf",0.382765783293018,0.219427523933685,0.146509644859918,1.4829935798601,1.4829935798601,242,4397,961,NA
"NC_071303.1_7750000_8000000.vcf",0.370690774748685,0.235537335725781,0.13741165048378,1.0025082588769,1.0025082588769,640,3844,1003,NA
"NC_071303.1_7875000_8125000.vcf",0.348766748506427,0.266531316578885,0.121638244863745,0.842992426828469,0.842992426828469,852,3881,1066,NA
"NC_071303.1_8000000_8250000.vcf",0.320680243381737,0.309498907727989,0.10283581849537,0.991320154246484,0.991320154246484,660,4372,1142,NA
"NC_071303.1_8125000_8375000.vcf",0.378786937914013,0.224660408760773,0.143479544334274,1.05759788713888,1.05759788713888,580,4046,980,NA
"NC_071303.1_8250000_8500000.vcf",0.39087938467872,0.208986499747852,0.152786693366815,1.12349875005897,1.12349875005897,510,3481,931,NA
"NC_071303.1_8375000_8625000.vcf",0.325325857276317,0.30214136360178,0.105836913412571,0.995216848075067,0.995216848075067,655,3354,1130,NA
"NC_071303.1_8500000_8750000.vcf",0.393545285610783,0.205623133687639,0.154877891826473,0.715933212226887,0.715933212226887,1020,2913,914,NA
"NC_071303.1_8625000_8875000.vcf",0.391474487192051,0.208232821058743,0.153252274122279,0.505849362599548,0.505849362599548,1352,2090,925,NA
"NC_071303.1_875000_1125000.vcf",-0.286533036611712,0.366566277151355,0.0821011810699287,0.121584237558881,0.121584237558881,1963,2998,1253,NA
"NC_071303.1_8750000_9000000.vcf",0.100489028147188,0.756002291594607,0.0100980447779664,0.549823641142799,0.549823641142799,1276,2083,1865,NA
"NC_071303.1_8875000_9125000.vcf",0.144304109267591,0.654553608358221,0.0208236759515127,0.525958852534824,0.525958852534824,1325,2715,1730,NA
"NC_071303.1_9000000_9250000.vcf",-0.186858279749954,0.560899840284287,0.0349160167111119,0.466525526301708,0.466525526301708,1399,2574,1601,NA
"NC_071303.1_9125000_9375000.vcf",-0.424494225943723,0.169001244956267,0.180195347859561,0.337619134770947,0.337619134770947,1607,2075,624,NA
"NC_071303.1_9250000_9500000.vcf",0.413861445685784,0.181081412681105,0.171281296225127,0.173775923140261,0.173775923140261,1863,2188,694,NA
"NC_071303.1_9375000_9625000.vcf",-0.3812983269557,0.221348854264246,0.145388414139216,0.857324589453929,0.857324589453929,832,2991,969,NA
"NC_071303.1_9500000_9750000.vcf",0.466596871643241,0.126229589608888,0.217712640627259,1.2106956764717,1.2106956764717,426,3284,427,NA
"NC_071303.1_9625000_9875000.vcf",-0.558212832628894,0.0592652954973008,0.311601566511574,1.24762435896745,1.24762435896745,404,3118,183,NA
"NC_071303.1_9750000_10000000.vcf",-0.738840960474497,0.00605022899206226,0.545885964874877,1.36536585219999,1.36536585219999,313,3443,21,NA
"NC_071303.1_9875000_10125000.vcf",-0.561487182179506,0.057474839266557,0.315267855751882,1.29693251021691,1.29693251021691,364,3454,173,NA
"NC_071304.1_0_250000.vcf",0.570180410346881,0.0529048229827967,0.325105700343338,0.839981535789675,0.839981535789675,858,2155,159,NA
"NC_071304.1_1000000_1250000.vcf",-0.431050721395878,0.161811955533282,0.185804724415907,-0.491116407133094,0.491116407133094,1370,2069,596,NA
"NC_071304.1_10000000_10250000.vcf",-0.180412279905395,0.574728957930924,0.0325485907406627,0.281525921444172,0.281525921444172,1701,2984,1616,NA
"NC_071304.1_10125000_10375000.vcf",0.409392951778292,0.186314439467677,0.167602588965743,-0.671824555957117,0.671824555957117,1090,1301,828,NA
"NC_071304.1_10250000_10500000.vcf",-0.419125597980254,0.175035367529376,0.175666266882305,0.936145489591814,0.936145489591814,727,1195,651,NA
"NC_071304.1_1125000_1375000.vcf",-0.547665079178987,0.0652962145604518,0.299937038952126,-0.156138083135821,0.156138083135821,1892,2680,207,NA
"NC_071304.1_125000_375000.vcf",-0.39334055522596,0.205880248043263,0.154716792385466,-0.0725790397738661,0.0725790397738661,2050,2212,915,NA
"NC_071304.1_1250000_1500000.vcf",0.625540806431294,0.0295932850870063,0.391301300510714,0.274278042040317,0.274278042040317,1710,1833,87,NA
"NC_071304.1_1375000_1625000.vcf",0.43358230475292,0.159088788442871,0.187993614994854,0.150376732904308,0.150376732904308,1906,815,582,NA
"NC_071304.1_1500000_1750000.vcf",-0.4129606358246,0.182128886568167,0.170536486740658,0.106923970120492,0.106923970120492,1982,660,742,NA
"NC_071304.1_1625000_1875000.vcf",-0.412760211252239,0.182362454928716,0.170370991992993,-0.501837455251111,0.501837455251111,1355,727,758,NA
"NC_071304.1_1750000_2000000.vcf",-0.41225674443571,0.182950001253212,0.16995562333273,-1.03844729810976,1.03844729810976,601,723,787,NA
"NC_071304.1_1875000_2125000.vcf",0.13123229511261,0.68434737896573,0.0172219152805233,-1.02787500621888,1.02787500621888,614,554,1767,NA
"NC_071304.1_2000000_2250000.vcf",-0.412279771342115,0.182923103156013,0.169974609857906,-0.568427757909728,0.568427757909728,1243,499,786,NA
"NC_071304.1_2125000_2375000.vcf",-0.412763693810983,0.182358394875367,0.170373866928487,-0.0686131119038068,0.0686131119038068,2058,571,757,NA
"NC_071304.1_2250000_2500000.vcf",-0.412771799023823,0.182348945835144,0.170380558069364,-0.404332488734555,0.404332488734555,1501,743,756,NA
"NC_071304.1_2375000_2625000.vcf",-0.413361599367135,0.181662175908177,0.170867811831356,-0.761788507338295,0.761788507338295,956,716,713,NA
"NC_071304.1_250000_500000.vcf",-0.427168420231638,0.166045108023978,0.182472859243193,-0.350543082516313,0.350543082516313,1586,2312,611,NA
"NC_071304.1_2500000_2750000.vcf",-0.413376865324733,0.18164442148708,0.170880432785702,-0.805085334938498,0.805085334938498,902,509,710,NA
"NC_071304.1_2625000_2875000.vcf",0.531625676552369,0.0752598674601187,0.282625859969764,1.71263245375369,1.71263245375369,167,1248,229,NA
"NC_071304.1_2750000_3000000.vcf",0.523906153302065,0.0804069767770558,0.274477657467767,1.49685996689092,1.49685996689092,233,1959,238,NA
"NC_071304.1_2875000_3125000.vcf",0.583347519967569,0.0464770106044926,0.340294329052313,0.961856674535042,0.961856674535042,701,2281,134,NA
"NC_071304.1_3000000_3250000.vcf",0.322279747666022,0.306954545953247,0.103864235755675,0.2911433491135,0.2911433491135,1686,2979,1137,NA
"NC_071304.1_3125000_3375000.vcf",0.202218116617407,0.528507671034097,0.0408921666882914,-0.489690855031596,0.489690855031596,1373,2895,1553,NA
"NC_071304.1_3250000_3500000.vcf",0.0314572627093797,0.922687693097569,0.000989559377166928,-1.35574481885193,1.35574481885193,317,2065,2059,NA
"NC_071304.1_3375000_3625000.vcf",-0.0420374778627096,0.896791759586314,0.0017671495450578,-1.67383615262409,1.67383615262409,185,1849,2030,NA
"NC_071304.1_3500000_3750000.vcf",-0.0390123541381165,0.904187593563718,0.00152196377539782,-1.63665026812416,1.63665026812416,195,1948,2039,NA
"NC_071304.1_3625000_3875000.vcf",-0.040545308053715,0.900438913852171,0.00164392200517064,-2.14479951846397,2.14479951846397,71,1109,2034,NA
"NC_071304.1_375000_625000.vcf",0.521233081497436,0.0822437766597179,0.271683925247312,-0.643454013286005,0.643454013286005,1142,2862,244,NA
"NC_071304.1_3750000_4000000.vcf",0.00881101945185677,0.978318876151529,7.76340637809984e-05,-1.97658824627534,1.97658824627534,97,1476,2145,NA
"NC_071304.1_3875000_4125000.vcf",0.00120737408510881,0.997028733612591,1.45775218139235e-06,-1.56570195507198,1.56570195507198,214,2365,2160,NA
"NC_071304.1_4000000_4250000.vcf",-0.0368228326213969,0.909544939595514,0.00135592100226341,-1.60545761368974,1.60545761368974,203,2046,2047,NA
"NC_071304.1_4125000_4375000.vcf",-0.0428109729186031,0.894901903974341,0.00183277940223737,-1.54989878523692,1.54989878523692,215,2032,2028,NA
"NC_071304.1_4250000_4500000.vcf",-0.0434865149914041,0.893251783686649,0.00189107698609761,-1.49200614111001,1.49200614111001,236,2275,2025,NA
"NC_071304.1_4375000_4625000.vcf",-0.0479387311700978,0.882386524096991,0.0022981219461989,-1.46428091891958,1.46428091891958,251,2424,2013,NA
"NC_071304.1_4500000_4750000.vcf",-0.0471428096533894,0.884327588996772,0.0022224445020157,-1.50439575279058,1.50439575279058,227,2286,2015,NA
"NC_071304.1_4625000_4875000.vcf",-0.0432104002442438,0.89392619181121,0.00186713868926775,-1.51952656471038,1.51952656471038,224,2236,2026,NA
"NC_071304.1_4750000_5000000.vcf",0.00280955443105921,0.99308593491168,7.89359610108447e-06,-1.37523170460005,1.37523170460005,305,2082,2158,NA
"NC_071304.1_4875000_5125000.vcf",0.233394113511059,0.465355594309109,0.054472812221613,-0.504202167513563,0.504202167513563,1354,1809,1433,NA
"NC_071304.1_500000_750000.vcf",-0.267120853123905,0.401291289880751,0.0713535501736429,-0.716309684868737,0.716309684868737,1019,2819,1322,NA
"NC_071304.1_5000000_5250000.vcf",0.259113973295513,0.416079868623575,0.067140051156988,0.275125747844703,0.275125747844703,1709,1805,1347,NA
"NC_071304.1_5125000_5375000.vcf",0.259380229446385,0.415583804858794,0.0672781034276594,-0.507872265339868,0.507872265339868,1349,1180,1344,NA
"NC_071304.1_5250000_5500000.vcf",0.261068275476334,0.412445635988148,0.0681566444601871,-2.44873813953318,2.44873813953318,52,394,1341,NA
"NC_071304.1_5375000_5625000.vcf",0.26733213604903,0.400904690644168,0.0714664709645369,0.699349868101761,0.699349868101761,1046,841,1316,NA
"NC_071304.1_5500000_5750000.vcf",0.266252210007831,0.402882681843223,0.0708902393340539,0.54268768728356,0.54268768728356,1289,1210,1324,NA
"NC_071304.1_5625000_5875000.vcf",0.26346345856815,0.408013208194976,0.0694129940006915,0.790273619236859,0.790273619236859,920,1066,1335,NA
"NC_071304.1_5750000_6000000.vcf",0.262765822127943,0.40930175585832,0.0690458772785738,1.22466413774838,1.22466413774838,422,837,1336,NA
"NC_071304.1_5875000_6125000.vcf",0.267292567273029,0.400977078106503,0.071445316519407,0.758691317003834,0.758691317003834,958,1157,1317,NA
"NC_071304.1_6000000_6250000.vcf",0.268250002143134,0.399227390901517,0.0719580636497913,0.546559189783463,0.546559189783463,1284,1092,1314,NA
"NC_071304.1_6125000_6375000.vcf",0.505727948972379,0.0934623757342126,0.255760758371809,0.37942500582386,0.37942500582386,1544,466,268,NA
"NC_071304.1_625000_875000.vcf",-0.192579210395003,0.548741232793275,0.0370867522763629,-0.462034569467855,0.462034569467855,1407,1999,1583,NA
"NC_071304.1_6250000_6500000.vcf",0.463206149082369,0.129379968850368,0.214559936547718,0.051077857296155,0.051077857296155,2083,465,441,NA
"NC_071304.1_6375000_6625000.vcf",0.216042199317723,0.50006121356604,0.0466742318860389,-0.564027471131113,0.564027471131113,1254,257,1496,NA
"NC_071304.1_6500000_6750000.vcf",0.331795397959666,0.292059869512546,0.110088186107213,-0.476590842440005,0.476590842440005,1384,299,1109,NA
"NC_071304.1_6625000_6875000.vcf",-0.318294917420572,0.31331495263845,0.101311654455769,-0.177318048761954,0.177318048761954,1861,319,1150,NA
"NC_071304.1_6750000_7000000.vcf",0.489760891534665,0.106046508004293,0.23986573087683,-0.00814888949858772,0.00814888949858772,2153,280,327,NA
"NC_071304.1_6875000_7125000.vcf",-0.039270626124772,0.903555888464477,0.00154218207623162,-0.622101253183176,0.622101253183176,1168,372,2037,NA
"NC_071304.1_7000000_7250000.vcf",-0.315789226518545,0.317351426497927,0.0997228355851809,-0.215086852909289,0.215086852909289,1808,1319,1158,NA
"NC_071304.1_7125000_7375000.vcf",-0.100433325588592,0.756133921411682,0.010086852888784,-0.163003347292883,0.163003347292883,1880,2369,1866,NA
"NC_071304.1_7250000_7500000.vcf",-0.214328866164279,0.503549245478474,0.0459368628712656,-0.257593695246384,0.257593695246384,1734,2236,1504,NA
"NC_071304.1_7375000_7625000.vcf",0.432488048761105,0.160262257012123,0.187045912321188,-0.771296640882878,0.771296640882878,942,2021,588,NA
"NC_071304.1_750000_1000000.vcf",-0.263560532428018,0.407834072113472,0.0694641542537401,-0.106315350702346,0.106315350702346,1983,1945,1334,NA
"NC_071304.1_7500000_7750000.vcf",0.351265398730804,0.26288569062316,0.123387380345511,-1.0335381747773,1.0335381747773,607,2429,1062,NA
"NC_071304.1_7625000_7875000.vcf",0.397832966895225,0.200283396848899,0.158271069548657,-0.92757259711213,0.92757259711213,742,2628,886,NA
"NC_071304.1_7750000_8000000.vcf",0.411893680932027,0.183374426866594,0.169656404391734,-0.842526881144763,0.842526881144763,854,2788,796,NA
"NC_071304.1_7875000_8125000.vcf",-0.391229379515513,0.20854304154112,0.153060427396093,-0.918931726104531,0.918931726104531,749,2291,928,NA
"NC_071304.1_8000000_8250000.vcf",0.447540986501424,0.144597836835126,0.200292934598668,-0.709484788590188,0.709484788590188,1029,2396,523,NA
"NC_071304.1_8125000_8375000.vcf",-0.5122988674752,0.0885894829808909,0.262450129616373,-0.387298392838172,0.387298392838172,1533,3226,257,NA
"NC_071304.1_8250000_8500000.vcf",0.521039656661183,0.0823777853146845,0.271482323813604,0.111466917850811,0.111466917850811,1979,2772,246,NA
"NC_071304.1_8375000_8625000.vcf",-0.209544255820384,0.513346602522189,0.0439087951473187,0.394384768888706,0.394384768888706,1519,2573,1515,NA
"NC_071304.1_8500000_8750000.vcf",-0.262272451839905,0.410214246575034,0.0687868389941152,0.410137104518274,0.410137104518274,1493,2603,1338,NA
"NC_071304.1_8625000_8875000.vcf",-0.468744953268183,0.124259946758419,0.219721831214391,0.516657821226375,0.516657821226375,1334,1623,416,NA
"NC_071304.1_875000_1125000.vcf",-0.390280260062911,0.209746946420162,0.152318681394774,0.265039037252024,0.265039037252024,1724,1914,934,NA
"NC_071304.1_8750000_9000000.vcf",0.416847324379757,0.177636289925657,0.173761691842562,0.35693887699484,0.35693887699484,1569,984,666,NA
"NC_071304.1_8875000_9125000.vcf",0.485151071903327,0.1098790700587,0.235371562568947,-1.1178319441167,1.1178319441167,516,2329,342,NA
"NC_071304.1_9000000_9250000.vcf",0.411165618010939,0.184227385331687,0.169057165434317,-1.19714870025929,1.19714870025929,441,2879,809,NA
"NC_071304.1_9125000_9375000.vcf",0.435893764248912,0.156627985969288,0.190003373711086,-0.656623870600725,0.656623870600725,1117,2567,569,NA
"NC_071304.1_9250000_9500000.vcf",0.464401543052768,0.128263521805256,0.215668793189792,-0.453509717694491,0.453509717694491,1418,2871,433,NA
"NC_071304.1_9375000_9625000.vcf",-0.534266488881162,0.0735521513911909,0.285440681141405,0.0596052026570207,0.0596052026570207,2069,2722,225,NA
"NC_071304.1_9500000_9750000.vcf",-0.421271392555776,0.172607625682138,0.177469586185883,0.40085396752388,0.40085396752388,1505,2347,643,NA
"NC_071304.1_9625000_9875000.vcf",-0.0366252923713931,0.910028456586036,0.00134141204129003,0.41934246898852,0.41934246898852,1477,2715,2048,NA
"NC_071304.1_9750000_10000000.vcf",0.317267582830762,0.314966459340047,0.100658719115274,0.995678489894622,0.995678489894622,654,3732,1155,NA
"NC_071304.1_9875000_10125000.vcf",0.418889328762951,0.175303981540588,0.175468269751476,1.1679720003734,1.1679720003734,466,4098,652,NA
"NC_071305.1_0_250000.vcf",0.495521112767208,0.10138390394367,0.245541173198052,1.15732779129223,1.15732779129223,479,745,292,NA
"NC_071305.1_1000000_1250000.vcf",0.434538720167605,0.158067620637993,0.188823899324901,-0.150799916953966,0.150799916953966,1904,3285,578,NA
"NC_071305.1_10000000_10250000.vcf",-0.0514588932151991,0.873808932191674,0.00264801769093327,1.0122842861204,1.0122842861204,628,2040,2007,NA
"NC_071305.1_1125000_1375000.vcf",0.45122126513484,0.140924021350225,0.203600630109885,-0.807934034149497,0.807934034149497,897,3305,507,NA
"NC_071305.1_125000_375000.vcf",0.446036908274848,0.14611682830217,0.198948923543385,0.976128250764422,0.976128250764422,684,983,531,NA
"NC_071305.1_1250000_1500000.vcf",0.0222442010910601,0.945294510476185,0.000494804482179517,-1.43239378549011,1.43239378549011,265,3155,2094,NA
"NC_071305.1_1375000_1625000.vcf",0.0328574661889088,0.919256113192632,0.00107961308435528,-1.47008704175258,1.47008704175258,249,2638,2058,NA
"NC_071305.1_1500000_1750000.vcf",-0.016796498374583,0.958680412087306,0.000282122357647369,-1.65584463911298,1.65584463911298,189,2186,2113,NA
"NC_071305.1_1625000_1875000.vcf",-0.0265207160260062,0.934795342822607,0.00070334837853206,-1.82942725114289,1.82942725114289,134,1715,2078,NA
"NC_071305.1_1750000_2000000.vcf",0.135985526329373,0.673463205120613,0.0184920633710766,-1.16505380693383,1.16505380693383,467,2325,1750,NA
"NC_071305.1_1875000_2125000.vcf",-0.305252141473554,0.334636656320387,0.0931788698741909,-0.9435860583876,0.9435860583876,721,2820,1180,NA
"NC_071305.1_2000000_2250000.vcf",-0.281805183396733,0.374874220407086,0.0794141613892665,-0.644297738890258,0.644297738890258,1139,2402,1269,NA
"NC_071305.1_2125000_2375000.vcf",0.0799257158322305,0.804973530443097,0.00638812005129447,-0.559313709164358,0.559313709164358,1261,2789,1918,NA
"NC_071305.1_2250000_2500000.vcf",0.166459752920611,0.60511494666206,0.0277088493423908,-0.557798746865296,0.557798746865296,1264,2106,1670,NA
"NC_071305.1_2375000_2625000.vcf",-0.153242214060131,0.634441659280185,0.0234831761700509,-0.695407701387518,0.695407701387518,1053,1158,1705,NA
"NC_071305.1_250000_500000.vcf",0.428582899018893,0.16449479139378,0.183683301331439,0.970551098490194,0.970551098490194,690,945,604,NA
"NC_071305.1_2500000_2750000.vcf",0.14579236350677,0.651189739890164,0.0212554132568902,-0.525490272001278,0.525490272001278,1326,2017,1724,NA
"NC_071305.1_2625000_2875000.vcf",0.40477073117783,0.191825160193607,0.163839344818236,-0.597871680450091,0.597871680450091,1202,1759,850,NA
"NC_071305.1_2750000_3000000.vcf",-0.411664633118975,0.183642501324159,0.16946777016098,-0.664322587188734,0.664322587188734,1105,580,801,NA
"NC_071305.1_2875000_3125000.vcf",-0.411854046621409,0.183420796899824,0.16962375571843,-0.228875391827015,0.228875391827015,1786,512,799,NA
"NC_071305.1_3000000_3250000.vcf",-0.412863886087628,0.182241612334132,0.170456588435378,-0.127275532351535,0.127275532351535,1952,433,752,NA
"NC_071305.1_3125000_3375000.vcf",-0.412873100920621,0.182230874008755,0.17046419746381,-0.419721748981259,0.419721748981259,1475,502,749,NA
"NC_071305.1_3250000_3500000.vcf",-0.413322615089713,0.18170751981506,0.170835584144599,-0.765433400539573,0.765433400539573,948,462,715,NA
"NC_071305.1_3375000_3625000.vcf",-0.413325866789458,0.181703737385679,0.170838272157257,-0.753883468407156,0.753883468407156,964,408,714,NA
"NC_071305.1_3500000_3750000.vcf",-0.40715648782018,0.188968389187287,0.165776405574064,-0.9900956876834,0.9900956876834,664,1148,842,NA
"NC_071305.1_3625000_3875000.vcf",-0.387979765011541,0.212682491018873,0.150528298058411,-0.948340482295734,0.948340482295734,716,1599,941,NA
"NC_071305.1_375000_625000.vcf",0.468398940822863,0.12457584785659,0.21939756776398,1.5466677907215,1.5466677907215,217,1529,418,NA
"NC_071305.1_3750000_4000000.vcf",-0.410722954355899,0.184747189083491,0.168693345234838,-0.996294329275114,0.996294329275114,653,903,817,NA
"NC_071305.1_3875000_4125000.vcf",-0.412562214760905,0.182593376706326,0.170207581048423,-0.232215958955333,0.232215958955333,1782,461,774,NA
"NC_071305.1_4000000_4250000.vcf",-0.412459112010003,0.18271369668072,0.17012251908008,-0.437506187439603,0.437506187439603,1445,439,778,NA
"NC_071305.1_4125000_4375000.vcf",0.402708150781311,0.194316321992541,0.162173854705703,-1.38586341285395,1.38586341285395,297,1035,859,NA
"NC_071305.1_4250000_4500000.vcf",0.405884562679995,0.190488129205503,0.164742278221931,-1.41427861918131,1.41427861918131,277,1193,845,NA
"NC_071305.1_4375000_4625000.vcf",-0.41084910686199,0.184598960073135,0.168796988609295,-0.838573505811329,0.838573505811329,861,663,814,NA
"NC_071305.1_4500000_4750000.vcf",-0.41198607626098,0.183266357567291,0.169732527032918,-0.333908261202567,0.333908261202567,1615,447,793,NA
"NC_071305.1_4625000_4875000.vcf",-0.412716989956784,0.182412848070235,0.170335313798988,-0.665761158186136,0.665761158186136,1101,417,764,NA
"NC_071305.1_4750000_5000000.vcf",-0.412509272384255,0.182655153817104,0.170163899802987,-0.250817804383597,0.250817804383597,1742,686,776,NA
"NC_071305.1_4875000_5125000.vcf",-0.412453010881647,0.18272081818818,0.170117486185336,-0.114437194812684,0.114437194812684,1971,590,779,NA
"NC_071305.1_500000_750000.vcf",0.639505697941498,0.0251404529619324,0.408967537699642,1.27339977416952,1.27339977416952,385,2842,74,NA
"NC_071305.1_5000000_5250000.vcf",0.576692504430311,0.0496526715144853,0.332574244666104,-0.286178996717225,0.286178996717225,1695,261,147,NA
"NC_071305.1_5125000_5375000.vcf",0.246093789776342,0.44069264245481,0.0605621533664824,-0.640597234251316,0.640597234251316,1148,356,1390,NA
"NC_071305.1_5250000_5500000.vcf",0.358725547040359,0.252174216800827,0.128684018099405,-0.706463584918103,0.706463584918103,1033,502,1038,NA
"NC_071305.1_5375000_5625000.vcf",0.332059146815277,0.291652950310671,0.110263276983689,-0.738710035452101,0.738710035452101,979,524,1108,NA
"NC_071305.1_5500000_5750000.vcf",0.201905607656001,0.529158620408975,0.0407658744029392,-1.02505981184077,1.02505981184077,615,408,1554,NA
"NC_071305.1_5625000_5875000.vcf",-0.023110924616219,0.943165942868713,0.000534114836616556,-0.701775038364394,0.701775038364394,1039,314,2090,NA
"NC_071305.1_5750000_6000000.vcf",-0.0766302206866152,0.812886555437217,0.00587219072247934,-0.090777147521371,0.090777147521371,2016,303,1929,NA
"NC_071305.1_5875000_6125000.vcf",-0.213320454839319,0.505607218523972,0.0455056164528541,-0.329733262130611,0.329733262130611,1623,310,1507,NA
"NC_071305.1_6000000_6250000.vcf",0.176312700456538,0.583593872257454,0.0310861683422769,-0.357601788060001,0.357601788060001,1568,316,1634,NA
"NC_071305.1_6125000_6375000.vcf",-0.18804171749812,0.558375734543318,0.0353596875196429,0.758136562859932,0.758136562859932,961,449,1594,NA
"NC_071305.1_625000_875000.vcf",-0.629863435467105,0.0281587094008855,0.396727947338423,1.50136614766393,1.50136614766393,229,3894,81,NA
"NC_071305.1_6250000_6500000.vcf",-0.213510886006767,0.505218300413135,0.0455868984433945,0.587849593732262,0.587849593732262,1221,476,1506,NA
"NC_071305.1_6375000_6625000.vcf",-0.421808981995321,0.172002729747344,0.177922817291929,0.189094683609066,0.189094683609066,1842,181,640,NA
"NC_071305.1_6500000_6750000.vcf",-0.0392572247489136,0.903588665507774,0.00154112969498671,0.0200011123490415,0.0200011123490415,2134,223,2038,NA
"NC_071305.1_6625000_6875000.vcf",0.0258319940206713,0.936485603741174,0.000667291915084,-0.340949200332342,0.340949200332342,1603,393,2080,NA
"NC_071305.1_6750000_7000000.vcf",-0.0506576624680544,0.875760229538054,0.00256619876672733,-0.427496192086153,0.427496192086153,1467,472,2009,NA
"NC_071305.1_6875000_7125000.vcf",-0.0735754713259859,0.820235901078599,0.00541334998084097,0.156987042463084,0.156987042463084,1889,1007,1938,NA
"NC_071305.1_7000000_7250000.vcf",-0.0429854654803456,0.89447564091358,0.00184775024256198,0.0878948903398017,0.0878948903398017,2020,1253,2027,NA
"NC_071305.1_7125000_7375000.vcf",0.0769995733867239,0.811998865667127,0.00592893430173748,-0.430033690376321,0.430033690376321,1461,814,1925,NA
"NC_071305.1_7250000_7500000.vcf",-0.0910925676068453,0.7782886433776,0.00829785587320768,-0.658487824530982,0.658487824530982,1115,522,1887,NA
"NC_071305.1_7375000_7625000.vcf",0.153294899245704,0.634323764750677,0.0234993261347504,0.248906474461898,0.248906474461898,1745,1495,1704,NA
"NC_071305.1_750000_1000000.vcf",-0.531745345702827,0.0751819003225399,0.282753112676619,0.835234496697483,0.835234496697483,869,3402,228,NA
"NC_071305.1_7500000_7750000.vcf",0.2168162710309,0.49848888968597,0.0470092953837447,-0.22214708335272,0.22214708335272,1797,2407,1494,NA
"NC_071305.1_7625000_7875000.vcf",0.184503768907581,0.565935429836455,0.0340416407411019,-0.790631431408842,0.790631431408842,919,1349,1607,NA
"NC_071305.1_7750000_8000000.vcf",0.201103301960907,0.530831373797805,0.0404425380595798,-0.441894428060852,0.441894428060852,1435,353,1556,NA
"NC_071305.1_7875000_8125000.vcf",-0.0553728641134821,0.864286403447346,0.00306615408013016,-0.952371924040831,0.952371924040831,709,481,1997,NA
"NC_071305.1_8000000_8250000.vcf",0.474766349587415,0.118846362162793,0.22540308670056,-1.1442290524387,1.1442290524387,488,700,393,NA
"NC_071305.1_8125000_8375000.vcf",0.429506676019362,0.163487258317893,0.184475984745201,-0.902290816426929,0.902290816426929,773,652,602,NA
"NC_071305.1_8250000_8500000.vcf",0.418026695619823,0.176286898900527,0.174746318250828,-0.149106906392935,0.149106906392935,1908,1907,658,NA
"NC_071305.1_8375000_8625000.vcf",0.416949990652631,0.177518567364748,0.173847294705229,-0.100812096931672,0.100812096931672,1996,2999,664,NA
"NC_071305.1_8500000_8750000.vcf",0.409880177160896,0.185739347993597,0.168001759629447,-0.061444456350061,0.061444456350061,2068,2719,824,NA
"NC_071305.1_8625000_8875000.vcf",0.403743704244857,0.193063113502217,0.163008978717359,0.0579642959933003,0.0579642959933003,2071,2724,853,NA
"NC_071305.1_875000_1125000.vcf",0.353842332072232,0.259156312190678,0.125204395966315,0.0509882399032214,0.0509882399032214,2084,2768,1049,NA
"NC_071305.1_8750000_9000000.vcf",0.31811907083655,0.313597297008278,0.10119974322991,-0.219365576990348,0.219365576990348,1800,2365,1151,NA
"NC_071305.1_8875000_9125000.vcf",-0.100490324460136,0.75599922836929,0.0100983053101035,-0.883614222466153,0.883614222466153,799,1582,1864,NA
"NC_071305.1_9000000_9250000.vcf",-0.284032370177885,0.370948431893588,0.0806743873088669,-0.72585665053189,0.72585665053189,997,2066,1258,NA
"NC_071305.1_9125000_9375000.vcf",-0.366944184142504,0.240674680549062,0.134648034276008,-0.407144166975878,0.407144166975878,1497,2755,1022,NA
"NC_071305.1_9250000_9500000.vcf",-0.122548539321289,0.704373643218995,0.0150181444897815,-0.328267854827578,0.328267854827578,1627,1726,1798,NA
"NC_071305.1_9375000_9625000.vcf",-0.381827712475269,0.220654570121088,0.145792402014097,-1.23896612315087,1.23896612315087,415,1356,966,NA
"NC_071305.1_9500000_9750000.vcf",-0.416672772574265,0.177836552224874,0.173616199404725,-0.911979380616828,0.911979380616828,758,2335,668,NA
"NC_071305.1_9625000_9875000.vcf",-0.280164706754649,0.377779570471806,0.0784922629109187,-0.565585466127135,0.565585466127135,1251,2478,1274,NA
"NC_071305.1_9750000_10000000.vcf",0.361234293650174,0.248630478406417,0.13049021490894,-0.299544755166856,0.299544755166856,1669,1350,1035,NA
"NC_071305.1_9875000_10125000.vcf",0.304740034389676,0.335489456311544,0.0928664885598207,1.06730518189371,1.06730518189371,572,1614,1182,NA
"NC_071306.1_0_250000.vcf",-0.471999569764824,0.121314210312396,0.222783593858179,0.633960459014773,0.633960459014773,1156,2345,408,NA
"NC_071306.1_1000000_1250000.vcf",0.4721578324962,0.121172147602016,0.222933018787509,-0.667898285661083,0.667898285661083,1099,1540,407,NA
"NC_071306.1_10000000_10250000.vcf",0.439519543931358,0.152817012755602,0.193177429497629,0.69612074023743,0.69612074023743,1052,1091,558,NA
"NC_071306.1_1125000_1375000.vcf",-0.427965395730785,0.165170465858972,0.183154379943008,-0.380126884805257,0.380126884805257,1543,1137,605,NA
"NC_071306.1_125000_375000.vcf",0.384751592438976,0.216843581728193,0.148033787884328,0.0820067591472037,0.0820067591472037,2031,1866,953,NA
"NC_071306.1_1250000_1500000.vcf",-0.535682036150924,0.0726477985983151,0.2869552438548,-0.733036204827675,0.733036204827675,988,2446,224,NA
"NC_071306.1_1375000_1625000.vcf",-0.563192434691383,0.0565574776726084,0.317185718493607,-0.964182046351551,0.964182046351551,696,2971,171,NA
"NC_071306.1_1500000_1750000.vcf",-0.478309116592442,0.115734898777714,0.228779611015442,-1.41065352713229,1.41065352713229,281,1465,368,NA
"NC_071306.1_1625000_1875000.vcf",-0.414608187457379,0.180215943970848,0.171899949106693,-0.621759331655426,0.621759331655426,1169,481,681,NA
"NC_071306.1_1750000_2000000.vcf",0.151034950651165,0.639387868716914,0.0228115563182,-1.04925906332955,1.04925906332955,589,542,1711,NA
"NC_071306.1_1875000_2125000.vcf",-0.414395242644537,0.180462482087556,0.171723417126424,-1.10951260040243,1.10951260040243,521,583,688,NA
"NC_071306.1_2000000_2250000.vcf",-0.41359280126104,0.181393402189609,0.171059005254954,-0.70471708833521,0.70471708833521,1035,555,703,NA
"NC_071306.1_2125000_2375000.vcf",-0.413317404306428,0.181713581184163,0.170831276702603,-0.543983204745352,0.543983204745352,1288,625,717,NA
"NC_071306.1_2250000_2500000.vcf",-0.412969523390379,0.182118533600135,0.170543827249277,-0.436559322225734,0.436559322225734,1449,669,739,NA
"NC_071306.1_2375000_2625000.vcf",-0.412430118477948,0.182747540756728,0.170098602627734,-0.651667951619532,0.651667951619532,1122,623,780,NA
"NC_071306.1_250000_500000.vcf",0.209895577597305,0.512624383184523,0.0440561534949063,-0.640019728340477,0.640019728340477,1149,1273,1513,NA
"NC_071306.1_2500000_2750000.vcf",-0.412558535114676,0.182597669971166,0.170204544895967,-0.681947723142941,0.681947723142941,1072,637,775,NA
"NC_071306.1_2625000_2875000.vcf",-0.402262692771941,0.194856945352164,0.161815273996133,0.333890904535774,0.333890904535774,1616,1590,864,NA
"NC_071306.1_2750000_3000000.vcf",-0.18964917905775,0.554954704296853,0.0359668111172786,-0.245264872719485,0.245264872719485,1752,2496,1587,NA
"NC_071306.1_2875000_3125000.vcf",0.251413728378566,0.430552570256549,0.0632088628172112,-1.34914580431037,1.34914580431037,321,1560,1371,NA
"NC_071306.1_3000000_3250000.vcf",0.226067940137772,0.479869438504972,0.0511067135581354,-1.50067916539709,1.50067916539709,231,533,1470,NA
"NC_071306.1_3125000_3375000.vcf",0.326201483363222,0.300765636493405,0.106407407748366,-0.900375294598117,0.900375294598117,777,487,1125,NA
"NC_071306.1_3250000_3500000.vcf",0.295517658412049,0.351047531470995,0.0873306864333406,-1.1732099505314,1.1732099505314,461,654,1215,NA
"NC_071306.1_3375000_3625000.vcf",-0.285894299434714,0.367683007040983,0.0817355504492659,-1.10701094392379,1.10701094392379,529,599,1256,NA
"NC_071306.1_3500000_3750000.vcf",-0.22914819487433,0.473742040429523,0.0525088952141637,2.66816741591533,2.66816741591533,37,1284,1458,NA
"NC_071306.1_3625000_3875000.vcf",-0.237603602554641,0.457110224177199,0.0564554719469437,1.99172668497494,1.99172668497494,93,2326,1423,NA
"NC_071306.1_375000_625000.vcf",0.0799746188535539,0.804856230840063,0.00639593966077122,-0.997107356217661,0.997107356217661,651,1566,1916,NA
"NC_071306.1_3750000_4000000.vcf",-0.214929436967851,0.502325365953646,0.0461946628753175,2.14516316344693,2.14516316344693,70,2074,1501,NA
"NC_071306.1_3875000_4125000.vcf",-0.117419323557302,0.716284900432405,0.0137872975446543,2.95193210272672,2.95193210272672,22,1408,1812,NA
"NC_071306.1_4000000_4250000.vcf",-0.067398681493843,0.835136559810768,0.00454258226710849,3.7184639628126,3.7184639628126,11,1010,1948,NA
"NC_071306.1_4125000_4375000.vcf",-0.135232045469095,0.675184792562861,0.0182877061217554,3.35729738747988,3.35729738747988,16,1184,1752,NA
"NC_071306.1_4250000_4500000.vcf",-0.100811245529531,0.755240981840043,0.0101629072252153,2.86243871857348,2.86243871857348,26,1456,1862,NA
"NC_071306.1_4375000_4625000.vcf",-0.0533275013333921,0.869260694796233,0.00284382239846293,2.50180878376937,2.50180878376937,47,1685,2004,NA
"NC_071306.1_4500000_4750000.vcf",0.0764411039526576,0.813341150523575,0.005843242373501,1.65166266164289,1.65166266164289,191,1872,1930,NA
"NC_071306.1_4625000_4875000.vcf",0.578688125624069,0.0486848581154238,0.334879946738298,0.509129797748426,0.509129797748426,1346,1877,144,NA
"NC_071306.1_4750000_5000000.vcf",0.574148335995369,0.0509060190087709,0.329646311726251,0.351698324258854,0.351698324258854,1582,1690,153,NA
"NC_071306.1_4875000_5125000.vcf",0.569178371442924,0.0534181545613666,0.323964018518419,0.751509970716395,0.751509970716395,966,1061,160,NA
"NC_071306.1_500000_750000.vcf",0.251405661923519,0.430567858519928,0.0632048068472026,-0.296250186290875,0.296250186290875,1677,1659,1372,NA
"NC_071306.1_5000000_5250000.vcf",0.563075326381285,0.0566201486501251,0.31705382317939,0.295159588427423,0.295159588427423,1679,1411,172,NA
"NC_071306.1_5125000_5375000.vcf",-0.493398605810046,0.103085710206138,0.243442184215297,-0.690895551969198,0.690895551969198,1060,1910,307,NA
"NC_071306.1_5250000_5500000.vcf",0.236709696976322,0.45885537267345,0.056031480642622,-1.45388054713365,1.45388054713365,258,2035,1427,NA
"NC_071306.1_5375000_5625000.vcf",0.220119843725838,0.491803498596272,0.0484527456018872,-1.41559114973501,1.41559114973501,274,2021,1484,NA
"NC_071306.1_5500000_5750000.vcf",0.227390756116633,0.477233586827779,0.0517065559672941,-1.56897607448213,1.56897607448213,213,1696,1465,NA
"NC_071306.1_5625000_5875000.vcf",0.24854447903294,0.436007291702777,0.0617743580577558,-1.85265021473547,1.85265021473547,128,1370,1381,NA
"NC_071306.1_5750000_6000000.vcf",0.232566868558234,0.466984084333607,0.0540873483509828,-1.84869108232594,1.84869108232594,131,1218,1436,NA
"NC_071306.1_5875000_6125000.vcf",0.218395830710282,0.4952873014164,0.047696738871634,-1.68317782814521,1.68317782814521,181,1370,1489,NA
"NC_071306.1_6000000_6250000.vcf",-0.457559866632774,0.134738877202166,0.209361031553002,0.894812222599298,0.894812222599298,782,1603,481,NA
"NC_071306.1_6125000_6375000.vcf",0.729734328305266,0.00706121863129412,0.532512189907137,2.93226898758006,2.93226898758006,24,1107,25,"Top 2% (both)"
"NC_071306.1_625000_875000.vcf",0.365485038461171,0.242693250513186,0.133579313338963,1.0127846959342,1.0127846959342,627,2036,1025,NA
"NC_071306.1_6250000_6500000.vcf",0.0544415297111293,0.866550844141783,0.00296388015728777,-0.182440501813907,0.182440501813907,1855,379,2002,NA
"NC_071306.1_6375000_6625000.vcf",-0.0992950792822593,0.758824991807748,0.00985951276967016,-0.43455395725063,0.43455395725063,1455,273,1870,NA
"NC_071306.1_6750000_7000000.vcf",-0.434892349136179,0.157691107761652,0.189131355337185,0.345177252765785,0.345177252765785,1593,311,574,NA
"NC_071306.1_6875000_7125000.vcf",0.780291466040146,0.00275083220748202,0.60885477197508,2.54585190835758,2.54585190835758,45,489,16,NA
"NC_071306.1_7000000_7250000.vcf",0.791625356677885,0.00215464806031931,0.626670705335389,5.4207594783283,5.4207594783283,3,1114,14,"Top 1% (both)"
"NC_071306.1_7125000_7375000.vcf",0.792063827807755,0.00213376498670475,0.627365107321473,4.57536802539369,4.57536802539369,7,1323,12,"Top 1% (both)"
"NC_071306.1_7250000_7500000.vcf",0.792022341267149,0.0021357342104693,0.627299389066296,4.0783167126671,4.0783167126671,10,1154,13,"Top 1% (both)"
"NC_071306.1_7375000_7625000.vcf",0.793995376897614,0.00204360736392054,0.630428658534784,5.2729477802234,5.2729477802234,4,766,11,"Top 1% (both)"
"NC_071306.1_750000_1000000.vcf",-0.215742702017538,0.500670156611915,0.0465449134738283,0.40337547077387,0.40337547077387,1503,2213,1497,NA
"NC_071306.1_7500000_7750000.vcf",-0.0312809151536394,0.923119967744957,0.000978495652849185,0.12715148648292,0.12715148648292,1953,340,2062,NA
"NC_071306.1_7625000_7875000.vcf",-0.10762679084733,0.739185509532765,0.0115835261080949,-0.662418932120137,0.662418932120137,1109,590,1838,NA
"NC_071306.1_7750000_8000000.vcf",0.0495485536795757,0.878462371720383,0.00245505917173779,-0.488492783229687,0.488492783229687,1375,635,2012,NA
"NC_071306.1_7875000_8125000.vcf",0.313184646469866,0.321577392127271,0.0980846227844547,0.525146657619,0.525146657619,1328,1588,1165,NA
"NC_071306.1_8000000_8250000.vcf",0.298275427738579,0.346355550120187,0.0889682307926321,0.248403393944696,0.248403393944696,1747,2320,1206,NA
"NC_071306.1_8125000_8375000.vcf",-0.061027709569145,0.850557922373835,0.00372438133525591,0.228115084439328,0.228115084439328,1787,2640,1971,NA
"NC_071306.1_8250000_8500000.vcf",-0.188051802767824,0.558354244053488,0.0353634805242287,0.852908399897409,0.852908399897409,838,2472,1592,NA
"NC_071306.1_8375000_8625000.vcf",-0.141776543968919,0.660280116664094,0.0201005884197707,1.25320426037718,1.25320426037718,401,2258,1738,NA
"NC_071306.1_8500000_8750000.vcf",-0.168843021542941,0.599881995051437,0.02850796592375,1.39664519784677,1.39664519784677,289,2922,1662,NA
"NC_071306.1_8625000_8875000.vcf",-0.176865958369438,0.582394390172492,0.0312815672299397,0.879436928063481,0.879436928063481,806,2645,1630,NA
"NC_071306.1_875000_1125000.vcf",-0.304530232276268,0.335839174077714,0.0927386623702379,-0.794866279477886,0.794866279477886,911,2233,1183,NA
"NC_071306.1_8750000_9000000.vcf",-0.00362874215922384,0.991070049126811,1.31677696581285e-05,-0.729812999456467,0.729812999456467,993,2593,2153,NA
"NC_071306.1_8875000_9125000.vcf",0.131169967480372,0.684490471680262,0.0172055603688018,-0.540444393649043,0.540444393649043,1294,2838,1768,NA
"NC_071306.1_9000000_9250000.vcf",0.321807016455943,0.307705313156984,0.103559755840276,-0.0697139210332864,0.0697139210332864,2054,2727,1139,NA
"NC_071306.1_9125000_9375000.vcf",0.349985048160705,0.264750139701612,0.122489533936051,0.222159539396979,0.222159539396979,1796,2782,1065,NA
"NC_071306.1_9250000_9500000.vcf",0.351483199621915,0.262569288442848,0.123540439616459,0.0864007754133629,0.0864007754133629,2023,1880,1060,NA
"NC_071306.1_9375000_9625000.vcf",0.423918403892625,0.169642082745168,0.179706813158871,-0.572606188534886,0.572606188534886,1238,791,626,NA
"NC_071306.1_9500000_9750000.vcf",-0.411398962035706,0.183953744287083,0.169249105964057,-0.964215530654475,0.964215530654475,695,1014,805,NA
"NC_071306.1_9625000_9875000.vcf",-0.406585170198974,0.189650087546313,0.165311500625728,-0.728712055135783,0.728712055135783,994,1880,844,NA
"NC_071306.1_9750000_10000000.vcf",0.422609780571222,0.171104142995975,0.178599026634457,-0.0192581241631383,0.0192581241631383,2137,2049,634,NA
"NC_071306.1_9875000_10125000.vcf",0.567547998075621,0.0542608083750122,0.322110730119645,1.14778081319176,1.14778081319176,485,1608,162,NA
"NC_071307.1_0_250000.vcf",0.327488408158968,0.298750080727237,0.107248657478495,-0.103413710852576,0.103413710852576,1991,1677,1121,NA
"NC_071307.1_1000000_1250000.vcf",0.412001238478147,0.183248627012572,0.169745020507527,0.181265842860803,0.181265842860803,1858,2348,792,NA
"NC_071307.1_1125000_1375000.vcf",0.44572996806855,0.146428065881652,0.198675204434391,-0.109318699363637,0.109318699363637,1981,2680,533,NA
"NC_071307.1_125000_375000.vcf",0.394937431508319,0.20387997995777,0.155975574806388,0.38471910456287,0.38471910456287,1536,2136,907,NA
"NC_071307.1_1250000_1500000.vcf",0.381505428157862,0.221077086612389,0.145546391713913,-0.270538700032911,0.270538700032911,1717,2090,968,NA
"NC_071307.1_1375000_1625000.vcf",-0.334500721662058,0.287901235140282,0.111890732792437,-0.0559250148006112,0.0559250148006112,2075,1874,1102,NA
"NC_071307.1_1500000_1750000.vcf",-0.321395324042476,0.308359972632511,0.103294954316368,-0.233049047081477,0.233049047081477,1778,1268,1140,NA
"NC_071307.1_1625000_1875000.vcf",-0.131484917918723,0.683767501336527,0.0172882836400934,-0.737473855714388,0.737473855714388,981,656,1766,NA
"NC_071307.1_1750000_2000000.vcf",-0.415326883016845,0.179385421595532,0.172496419756488,-1.05514905679015,1.05514905679015,584,624,674,NA
"NC_071307.1_1875000_2125000.vcf",-0.41290778177307,0.182190462887512,0.170492836248757,-0.599575068979188,0.599575068979188,1201,566,747,NA
"NC_071307.1_2000000_2250000.vcf",-0.413556286051749,0.18143583487317,0.171028801732916,0.185164616159923,0.185164616159923,1851,588,704,NA
"NC_071307.1_2125000_2375000.vcf",0.453063012433972,0.139108342379583,0.205266093235745,0.645565903429556,0.645565903429556,1136,1278,505,NA
"NC_071307.1_2250000_2500000.vcf",0.471600606197917,0.121672820348622,0.222407131766243,0.547338703283668,0.547338703283668,1283,1854,411,NA
"NC_071307.1_2375000_2625000.vcf",-0.449464458725484,0.142670145033477,0.202018299657392,0.290719962426055,0.290719962426055,1687,2397,514,NA
"NC_071307.1_250000_500000.vcf",0.294962205187783,0.351996636143366,0.0870027024892399,0.0190135470415849,0.0190135470415849,2139,1985,1216,NA
"NC_071307.1_2500000_2750000.vcf",-0.118233658936135,0.714389864553655,0.0139791981054263,0.278500724277634,0.278500724277634,1704,1875,1809,NA
"NC_071307.1_2625000_2875000.vcf",0.210043798059573,0.512319816969432,0.0441183971032907,0.232577775251965,0.232577775251965,1781,683,1512,NA
"NC_071307.1_2750000_3000000.vcf",0.208027951939402,0.516468797620458,0.0432756287881021,0.267238382483324,0.267238382483324,1721,454,1530,NA
"NC_071307.1_2875000_3125000.vcf",0.208602751048524,0.515284265882894,0.0435151077450124,0.272476224614332,0.272476224614332,1716,429,1520,NA
"NC_071307.1_3000000_3250000.vcf",0.208741362647562,0.514998796136208,0.0435729564799611,-0.0564652740615414,0.0564652740615414,2073,680,1518,NA
"NC_071307.1_3125000_3375000.vcf",0.208254669874581,0.516001441277272,0.0433700075245709,-0.132887962346288,0.132887962346288,1943,715,1525,NA
"NC_071307.1_3250000_3500000.vcf",0.207208433585887,0.518159689215792,0.0429353349491171,-0.213030035937927,0.213030035937927,1811,720,1537,NA
"NC_071307.1_3375000_3625000.vcf",0.20766421593811,0.517218988075252,0.0431244265811902,-0.169413134533717,0.169413134533717,1870,765,1534,NA
"NC_071307.1_3500000_3750000.vcf",0.208402561409212,0.515696677092275,0.0434316276019203,-0.133903410914969,0.133903410914969,1942,684,1522,NA
"NC_071307.1_3625000_3875000.vcf",0.208232708585081,0.516046704210797,0.0433608609246791,-0.172708145391157,0.172708145391157,1866,690,1526,NA
"NC_071307.1_375000_625000.vcf",0.251009763189826,0.431318526313547,0.0630059012166127,-0.35167302585397,0.35167302585397,1583,1743,1373,NA
"NC_071307.1_3750000_4000000.vcf",0.208215726556009,0.516081705913074,0.0433537887852467,-0.00671713653539632,0.00671713653539632,2156,699,1527,NA
"NC_071307.1_3875000_4125000.vcf",0.208276949474957,0.515955524063622,0.0433792876825939,-0.21174504424281,0.21174504424281,1817,602,1524,NA
"NC_071307.1_4000000_4250000.vcf",0.208212068102732,0.516089246495709,0.0433522653036167,-0.159768245600735,0.159768245600735,1886,452,1528,NA
"NC_071307.1_4125000_4375000.vcf",0.208105609136823,0.516308694311087,0.0433079445542082,-0.240502742657479,0.240502742657479,1762,509,1529,NA
"NC_071307.1_4250000_4500000.vcf",0.239733705632774,0.452964349267878,0.0574722496164213,0.223633596387478,0.223633596387478,1793,826,1413,NA
"NC_071307.1_4375000_4625000.vcf",0.368142310999262,0.239024653799337,0.135528761147877,0.930038282203679,0.930038282203679,736,1234,1016,NA
"NC_071307.1_4500000_4750000.vcf",0.467977371523332,0.124961440259533,0.219002820257887,0.958928418188384,0.958928418188384,704,1314,419,NA
"NC_071307.1_4625000_4875000.vcf",0.467902347714223,0.125030143250908,0.218932606996482,0.766128300996664,0.766128300996664,947,1361,420,NA
"NC_071307.1_4750000_5000000.vcf",0.46849322811972,0.124489713764764,0.219485904794036,0.948614914702176,0.948614914702176,714,1413,417,NA
"NC_071307.1_4875000_5125000.vcf",-0.288355840655505,0.363389189146593,0.0831490908401432,-0.526825002444595,0.526825002444595,1323,1508,1244,NA
"NC_071307.1_500000_750000.vcf",-0.0799557718738486,0.804901437082771,0.00639292545594293,-0.305775757315589,0.305775757315589,1656,1149,1917,NA
"NC_071307.1_5000000_5250000.vcf",-0.0651238578240077,0.840637078193622,0.00424111685788157,-1.00981170177055,1.00981170177055,632,2038,1959,NA
"NC_071307.1_5125000_5375000.vcf",-0.057427992823326,0.859292912997685,0.00329797435971598,-1.01204708598067,1.01204708598067,629,2062,1985,NA
"NC_071307.1_5250000_5500000.vcf",-0.0572303202270478,0.859773009096585,0.00327530955329043,-1.00070844996559,1.00070844996559,645,2234,1986,NA
"NC_071307.1_5375000_5625000.vcf",-0.0608258573086908,0.851047333305864,0.00369978491733721,-0.974960175686728,0.974960175686728,687,2566,1972,NA
"NC_071307.1_5500000_5750000.vcf",-0.199412866569053,0.534363179731923,0.0397654913532868,-1.13791300248827,1.13791300248827,496,2257,1560,NA
"NC_071307.1_5625000_5875000.vcf",-0.219242976482059,0.493574046907887,0.0480674827367126,-1.25699808934354,1.25699808934354,397,2103,1486,NA
"NC_071307.1_5750000_6000000.vcf",-0.262096895662992,0.410539183446791,0.0686947827161776,-1.2360980441903,1.2360980441903,417,2430,1339,NA
"NC_071307.1_5875000_6125000.vcf",-0.337155070391552,0.283853772500005,0.113673541490733,-1.28154289243551,1.28154289243551,373,2387,1093,NA
"NC_071307.1_6000000_6250000.vcf",-0.298827572184893,0.345420202277814,0.0892979178979174,-1.50420044091013,1.50420044091013,228,1737,1204,NA
"NC_071307.1_6125000_6375000.vcf",-0.25435126547411,0.425002734017936,0.0646945662482814,-1.70887477013816,1.70887477013816,169,1464,1361,NA
"NC_071307.1_625000_875000.vcf",-0.338905852789995,0.28120192426372,0.114857177055314,1.02188413644895,1.02188413644895,617,1327,1087,NA
"NC_071307.1_6250000_6500000.vcf",-0.201471036889677,0.530064391306815,0.0405905787054016,-1.31335212229005,1.31335212229005,346,1597,1555,NA
"NC_071307.1_6375000_6625000.vcf",-0.127683305430669,0.692510251339785,0.0163030264857014,-1.06166428345643,1.06166428345643,576,1842,1782,NA
"NC_071307.1_6500000_6750000.vcf",-0.115399738496853,0.720990992473469,0.0133170996451419,-1.10629534974376,1.10629534974376,532,1890,1819,NA
"NC_071307.1_6625000_6875000.vcf",-0.215226176314418,0.501721141218565,0.046322306970925,-1.13504101292671,1.13504101292671,500,2200,1499,NA
"NC_071307.1_6750000_7000000.vcf",-0.283933497278642,0.371122255338618,0.0806182308768805,-1.04003374944495,1.04003374944495,598,2787,1260,NA
"NC_071307.1_6875000_7125000.vcf",0.497122665579067,0.100112291561673,0.247130944632437,-0.75868756981009,0.75868756981009,959,2826,289,NA
"NC_071307.1_7000000_7250000.vcf",0.424886256258127,0.16856582432267,0.180528330757047,-0.53609271046124,0.53609271046124,1305,2024,623,NA
"NC_071307.1_7125000_7375000.vcf",-0.0548231243468014,0.865622925004734,0.00300557496314485,-0.358965298657528,0.358965298657528,1566,1968,2001,NA
"NC_071307.1_7250000_7500000.vcf",-0.0268619700714251,0.933957928622684,0.000721565436118137,-0.304504801480788,0.304504801480788,1659,2789,2075,NA
"NC_071307.1_7375000_7625000.vcf",0.328073944036102,0.297835540554317,0.107632512755404,-0.376211114380443,0.376211114380443,1548,2564,1119,NA
"NC_071307.1_750000_1000000.vcf",0.474983905655691,0.118653723632964,0.225609710631935,1.26585332610856,1.26585332610856,392,1934,390,NA
"NC_071307.1_7500000_7750000.vcf",0.493719755710735,0.102827000365633,0.243759197179068,-0.562821839137361,0.562821839137361,1255,1366,299,NA
"NC_071307.1_7625000_7875000.vcf",-0.338329479719283,0.28207337095151,0.114466836847121,-0.813999211565171,0.813999211565171,890,624,1089,NA
"NC_071307.1_7750000_8000000.vcf",-0.0748595584962382,0.817144896730239,0.0056039534982517,-0.772104786647767,0.772104786647767,941,564,1932,NA
"NC_071307.1_7875000_8125000.vcf",-0.165243184940011,0.607792778109357,0.0273053101691186,-0.530984632188624,0.530984632188624,1316,532,1673,NA
"NC_071307.1_8000000_8250000.vcf",-0.303715290908249,0.337199463534685,0.0922429779314826,-0.442794002592457,0.442794002592457,1434,1608,1187,NA
"NC_071307.1_8125000_8375000.vcf",-0.162677418992644,0.61345487213437,0.0264639426501081,-0.154520217628496,0.154520217628496,1895,3119,1678,NA
"NC_071307.1_8250000_8500000.vcf",-0.175649219975436,0.585033594882849,0.0308526484779791,-0.147945036471711,0.147945036471711,1911,3074,1638,NA
"NC_071307.1_8375000_8625000.vcf",-0.256164885917992,0.421593930281774,0.0656204487773778,-0.347664888774688,0.347664888774688,1590,2670,1353,NA
"NC_071307.1_8500000_8750000.vcf",-0.418434970767574,0.175821265602216,0.175087824761261,-0.0984266376380982,0.0984266376380982,1999,2092,654,NA
"NC_071307.1_8625000_8875000.vcf",0.59805256432202,0.0399728179769067,0.357666869692144,1.23343181163886,1.23343181163886,418,1895,116,NA
"NC_071307.1_875000_1125000.vcf",0.499827482083634,0.0979890081758042,0.249827511846065,0.872674122845005,0.872674122845005,816,1841,281,NA
"NC_071307.1_8750000_9000000.vcf",0.612399219382192,0.0342776500027489,0.375032803899919,0.0293483222841667,0.0293483222841667,2118,2685,95,NA
"NC_071307.1_8875000_9125000.vcf",-0.00181112180810005,0.995542961918484,3.28016220377561e-06,-0.67563873412285,0.67563873412285,1083,2571,2159,NA
"NC_071307.1_9000000_9250000.vcf",0.0276292274362924,0.932075356862308,0.000763374208726371,-0.467643344190702,0.467643344190702,1395,1870,2074,NA
"NC_071307.1_9125000_9375000.vcf",-0.433921994288984,0.158725622298926,0.188288297127729,0.212362763780928,0.212362763780928,1814,1284,580,NA
"NC_071307.1_9250000_9500000.vcf",-0.417495011030242,0.176894435155447,0.174302084235142,-0.0847767152886568,0.0847767152886568,2026,836,660,NA
"NC_071307.1_9375000_9625000.vcf",0.42513671336932,0.168288016741178,0.180741225054467,0.209822389568416,0.209822389568416,1818,889,621,NA
"NC_071307.1_9500000_9750000.vcf",-0.456390548220586,0.135866388230712,0.208292332505087,1.60992040202092,1.60992040202092,201,1667,485,NA
"NC_071307.1_9625000_9875000.vcf",-0.60756887309108,0.0361256772744778,0.369139935549165,1.58414683450867,1.58414683450867,207,2638,100,NA
"NC_071307.1_9750000_10000000.vcf",-0.522461773422729,0.0813959747174644,0.272966304688023,1.39827472754019,1.39827472754019,288,2809,240,NA
"NC_071307.1_9875000_10125000.vcf",0.518726526812032,0.0839918860377281,0.269077209618474,0.920271864817841,0.920271864817841,748,2845,250,NA
"NC_071308.1_0_250000.vcf",-0.258592645106917,0.41705200896848,0.0668701561033922,-0.743202042451689,0.743202042451689,974,672,1349,NA
"NC_071308.1_1000000_1250000.vcf",0.138096634408566,0.668647325964916,0.0190706804349732,-0.438774702149954,0.438774702149954,1441,1495,1745,NA
"NC_071308.1_1125000_1375000.vcf",-0.230297655638615,0.471464785928878,0.053037010192642,-0.65342180436077,0.65342180436077,1119,1232,1453,NA
"NC_071308.1_125000_375000.vcf",0.28864836437591,0.362880682449869,0.0833178782568882,-0.595862324533808,0.595862324533808,1203,1061,1242,NA
"NC_071308.1_1250000_1500000.vcf",-0.240905422860007,0.450691443605005,0.0580354227633589,-0.527258361490873,0.527258361490873,1321,2199,1409,NA
"NC_071308.1_1375000_1625000.vcf",-0.241200821408172,0.450119285659995,0.0581778362479767,-0.600623198177719,0.600623198177719,1198,1745,1408,NA
"NC_071308.1_1500000_1750000.vcf",-0.232277622568448,0.467554111503566,0.0539528939460504,-0.778589795237007,0.778589795237007,935,707,1438,NA
"NC_071308.1_1625000_1875000.vcf",-0.230705843534218,0.470657327488997,0.0532251862408349,-0.849546651487532,0.849546651487532,842,539,1450,NA
"NC_071308.1_1750000_2000000.vcf",-0.128255648928142,0.691191771691372,0.0164495114819788,-0.916484249231761,0.916484249231761,754,525,1781,NA
"NC_071308.1_1875000_2125000.vcf",0.12546751283839,0.697622026789962,0.0157420967778516,-0.859683616808023,0.859683616808023,828,610,1789,NA
"NC_071308.1_2000000_2250000.vcf",0.0411082596796566,0.899062738970407,0.00168988901389008,-0.838278389031677,0.838278389031677,863,644,2033,NA
"NC_071308.1_2125000_2375000.vcf",-0.0352366070138609,0.913428308176888,0.00124161847384927,-0.740356514898734,0.740356514898734,977,550,2053,NA
"NC_071308.1_2250000_2500000.vcf",-0.13584279127772,0.673789222554915,0.0184532639421222,-0.316059499498789,0.316059499498789,1644,453,1751,NA
"NC_071308.1_2375000_2625000.vcf",0.0891301810999594,0.782962991221101,0.00794418918291156,-0.425776941765739,0.425776941765739,1469,528,1895,NA
"NC_071308.1_250000_500000.vcf",0.24987051091331,0.433482227499918,0.0624352722240786,-0.189706128377316,0.189706128377316,1841,851,1376,NA
"NC_071308.1_2500000_2750000.vcf",-0.0438575818573239,0.89234555804131,0.00192348748637186,-0.847767489758948,0.847767489758948,845,612,2023,NA
"NC_071308.1_2625000_2875000.vcf",-0.373569376942524,0.231634843534181,0.139554079389225,-1.04281077192848,1.04281077192848,596,637,990,NA
"NC_071308.1_2750000_3000000.vcf",0.379857701033605,0.223244870673366,0.144291873034536,-1.15267185154587,1.15267185154587,483,658,975,NA
"NC_071308.1_2875000_3125000.vcf",-0.251750287087827,0.429914930289729,0.0633782070488036,-1.17116362993798,1.17116362993798,463,1366,1369,NA
"NC_071308.1_3000000_3250000.vcf",-0.408328513864707,0.187574677129375,0.16673217523496,-0.962698192321141,0.962698192321141,698,1552,833,NA
"NC_071308.1_3125000_3375000.vcf",-0.419728912859991,0.174350630563462,0.17617236029063,-0.698179830893837,0.698179830893837,1047,705,649,NA
"NC_071308.1_3250000_3500000.vcf",-0.413437318849897,0.181574124208725,0.170930416617792,-0.260198903999524,0.260198903999524,1731,402,708,NA
"NC_071308.1_3375000_3625000.vcf",-0.413230247475126,0.181814983793615,0.170759237428354,-0.311489992601587,0.311489992601587,1652,425,723,NA
"NC_071308.1_3500000_3750000.vcf",-0.412757706328654,0.182365375265548,0.170368924133691,-0.392906066244021,0.392906066244021,1521,433,760,NA
"NC_071308.1_3625000_3875000.vcf",-0.412872521769241,0.182231548899884,0.170463719232093,-0.781942072016382,0.781942072016382,928,482,750,NA
"NC_071308.1_375000_625000.vcf",-0.241675114475866,0.449201350850013,0.0584068609569231,-0.43530058835564,0.43530058835564,1452,1941,1405,NA
"NC_071308.1_3750000_4000000.vcf",-0.412988926909187,0.182095932058061,0.170559853749602,-0.719538839288918,0.719538839288918,1012,431,736,NA
"NC_071308.1_3875000_4125000.vcf",-0.413954567689252,0.180973343797609,0.171358384110796,-0.130169442504429,0.130169442504429,1949,353,693,NA
"NC_071308.1_4000000_4250000.vcf",-0.414705329159963,0.180103547404516,0.171980510033674,-0.0862206358382096,0.0862206358382096,2024,295,680,NA
"NC_071308.1_4125000_4375000.vcf",-0.414474499015014,0.180370697997152,0.171789110333747,-0.32967550056255,0.32967550056255,1624,315,684,NA
"NC_071308.1_4250000_4500000.vcf",-0.180830335241293,0.573827977274975,0.0326996101434784,0.237378178749826,0.237378178749826,1766,226,1614,NA
"NC_071308.1_4375000_4625000.vcf",0.0508320933816291,0.875335370404995,0.00258390171755866,0.397340762700753,0.397340762700753,1509,279,2008,NA
"NC_071308.1_4500000_4750000.vcf",-0.365099093959806,0.243228829357908,0.133297348410271,-0.330270408387101,0.330270408387101,1621,666,1026,NA
"NC_071308.1_4625000_4875000.vcf",-0.426687944222944,0.166573817352246,0.182062601745202,-0.0896807169708622,0.0896807169708622,2017,600,613,NA
"NC_071308.1_4750000_5000000.vcf",-0.413761911606888,0.181196967295425,0.171198919496586,0.287103482300221,0.287103482300221,1692,413,697,NA
"NC_071308.1_4875000_5125000.vcf",-0.413466151552008,0.18154060259789,0.170954258479228,-0.130396198000015,0.130396198000015,1948,448,707,NA
"NC_071308.1_500000_750000.vcf",0.204293881837586,0.524192622512065,0.0417359901562695,-0.412214312606747,0.412214312606747,1490,2724,1543,NA
"NC_071308.1_5000000_5250000.vcf",-0.409627320377753,0.186037667174135,0.167794541599859,-1.25277164130212,1.25277164130212,402,1234,826,NA
"NC_071308.1_5125000_5375000.vcf",0.306775430977405,0.332106908030695,0.0941111650513726,-1.14199531135134,1.14199531135134,492,2041,1175,NA
"NC_071308.1_5250000_5500000.vcf",0.381848232148975,0.220627685196609,0.145808072395298,-0.804709963784545,0.804709963784545,903,1958,965,NA
"NC_071308.1_5375000_5625000.vcf",-0.245210132312497,0.442387988615956,0.0601280089887124,-0.26230464560467,0.26230464560467,1729,2331,1396,NA
"NC_071308.1_5500000_5750000.vcf",-0.246252380734469,0.440388708632858,0.0606402350173938,-0.236914314688692,0.236914314688692,1768,2013,1389,NA
"NC_071308.1_5625000_5875000.vcf",-0.249297168845043,0.434573126828816,0.0621490783941538,-0.246051317737005,0.246051317737005,1750,1760,1378,NA
"NC_071308.1_5750000_6000000.vcf",-0.179629313162012,0.576417896382242,0.032266690147056,-0.609955886542779,0.609955886542779,1182,2558,1620,NA
"NC_071308.1_5875000_6125000.vcf",-0.0570972002232845,0.860096348058351,0.00326009027333784,-1.24640373613944,1.24640373613944,406,1924,1988,NA
"NC_071308.1_6000000_6250000.vcf",0.0800595935977787,0.804652417786978,0.00640953852704149,-2.45176292078227,2.45176292078227,51,1205,1915,NA
"NC_071308.1_6125000_6375000.vcf",-0.135040776152846,0.675622041293083,0.0182360112239629,-1.78403052192082,1.78403052192082,142,1106,1753,NA
"NC_071308.1_625000_875000.vcf",0.152045702944318,0.63712120748352,0.0231178957838318,-0.252450132446166,0.252450132446166,1738,1931,1709,NA
"NC_071308.1_6250000_6500000.vcf",0.0572059134562802,0.859832289917174,0.00327251653436742,-1.42056405240548,1.42056405240548,271,1412,1987,NA
"NC_071308.1_6375000_6625000.vcf",0.0460107900064226,0.887089321685903,0.00211699279701512,-1.41525750460197,1.41525750460197,275,2012,2021,NA
"NC_071308.1_6500000_6750000.vcf",0.449253884071903,0.142880370059844,0.201829052353691,-0.613366627496087,0.613366627496087,1179,2433,518,NA
"NC_071308.1_6625000_6875000.vcf",0.462185705653777,0.130338014884642,0.21361562651068,0.207495558832606,0.207495558832606,1824,2588,455,NA
"NC_071308.1_6750000_7000000.vcf",0.481415561881498,0.113051259072032,0.231760943221678,0.378333988817893,0.378333988817893,1546,1347,356,NA
"NC_071308.1_6875000_7125000.vcf",-0.412350866852751,0.182840070883899,0.170033237394215,-0.837748692592351,0.837748692592351,865,345,785,NA
"NC_071308.1_7000000_7250000.vcf",-0.412890648122516,0.182210426809722,0.170478687307031,-0.325417884983554,0.325417884983554,1631,293,748,NA
"NC_071308.1_7125000_7375000.vcf",-0.413000286530996,0.182082700991945,0.170569236674685,-0.04080754912507,0.04080754912507,2099,271,734,NA
"NC_071308.1_7250000_7500000.vcf",0.477578729918307,0.116371920070118,0.228081443270383,0.556255929167531,0.556255929167531,1269,612,372,NA
"NC_071308.1_7375000_7625000.vcf",0.457784434497368,0.134523035552388,0.209566588468075,0.818957795538948,0.818957795538948,884,1124,479,NA
"NC_071308.1_750000_1000000.vcf",-0.415231216170366,0.179495835806516,0.172416962882322,-0.118799070987746,0.118799070987746,1966,1118,675,NA
"NC_071308.1_7500000_7750000.vcf",0.358294152209326,0.252786548374759,0.1283746995074,0.552195603525708,0.552195603525708,1273,1058,1040,NA
"NC_071308.1_7625000_7875000.vcf",0.27219067510983,0.392066732247326,0.0740877636167452,0.235008077097953,0.235008077097953,1773,870,1299,NA
"NC_071308.1_7750000_8000000.vcf",0.340501365898427,0.278797608669722,0.115941180178695,-0.421850573162724,0.421850573162724,1471,987,1081,NA
"NC_071308.1_7875000_8125000.vcf",-0.337579119758308,0.283210179186751,0.113959662096794,-1.30351184419012,1.30351184419012,358,855,1091,NA
"NC_071308.1_8000000_8250000.vcf",-0.413997653410182,0.180923356055733,0.171394057029137,-1.30729233772062,1.30729233772062,354,690,692,NA
"NC_071308.1_8125000_8375000.vcf",0.409976956825159,0.185625246456586,0.168081105127618,-0.60527600204923,0.60527600204923,1189,672,822,NA
"NC_071308.1_8250000_8500000.vcf",0.1777436791661,0.580493450298194,0.0315928154835016,-0.460222995610981,0.460222995610981,1409,615,1624,NA
"NC_071308.1_8375000_8625000.vcf",0.208500267327597,0.515495374883321,0.0434723614756793,-0.718986344401199,0.718986344401199,1014,609,1521,NA
"NC_071308.1_8500000_8750000.vcf",0.208691731511553,0.515101003222094,0.04355223880129,-0.935126707719106,0.935126707719106,730,564,1519,NA
"NC_071308.1_8625000_8875000.vcf",0.218056982186134,0.495973329973571,0.0475488474801238,-0.840783171617751,0.840783171617751,856,1548,1490,NA
"NC_071308.1_875000_1125000.vcf",0.449892876711837,0.14224305377618,0.202403600516052,-0.492793770293002,0.492793770293002,1369,1474,511,NA
"NC_071308.1_8750000_9000000.vcf",0.187028027547162,0.560537507149336,0.0349794830881821,-0.874317866071114,0.874317866071114,814,2718,1600,NA
"NC_071308.1_8875000_9125000.vcf",0.240672066770072,0.451143675980786,0.0579230437233778,-1.07922851289745,1.07922851289745,559,2713,1411,NA
"NC_071308.1_9000000_9250000.vcf",-0.337944408392609,0.282656435404572,0.11420642316383,-1.12366541804535,1.12366541804535,509,2998,1090,NA
"NC_071308.1_9125000_9375000.vcf",0.253419020075702,0.426760190305697,0.0642211997361293,-1.15727409000026,1.15727409000026,480,3434,1364,NA
"NC_071308.1_9250000_9500000.vcf",0.148776858413678,0.644461966423511,0.0221345535994436,-0.974316298643221,0.974316298643221,688,3152,1715,NA
"NC_071308.1_9375000_9625000.vcf",-0.0228224512720822,0.943874361072471,0.000520864282066566,-0.865840385702433,0.865840385702433,822,1737,2092,NA
"NC_071308.1_9500000_9750000.vcf",0.343940511668397,0.273655195239851,0.118295075566719,-1.27787324148194,1.27787324148194,377,1363,1078,NA
"NC_071308.1_9625000_9875000.vcf",0.423539867309643,0.17006419172464,0.17938601920067,-1.03943632588828,1.03943632588828,599,2177,628,NA
"NC_071308.1_9750000_10000000.vcf",-0.530785582690832,0.0758087661679697,0.281733334792446,-1.27552048170304,1.27552048170304,382,2248,230,NA
"NC_071308.1_9875000_10125000.vcf",-0.523288530738272,0.0808288688478336,0.273830886402219,-2.13097974506364,2.13097974506364,77,1316,239,NA
"NC_071309.1_0_250000.vcf",-0.504554416914169,0.0943512289145738,0.254575159627597,-0.928567754838534,0.928567754838534,740,1857,272,NA
"NC_071309.1_1000000_1250000.vcf",0.0785651413439997,0.808238499382757,0.00617248143440264,0.756770787935162,0.756770787935162,963,2810,1920,NA
"NC_071309.1_1125000_1375000.vcf",0.396039823520999,0.202506065246194,0.156847541814544,0.625195823677475,0.625195823677475,1167,3480,899,NA
"NC_071309.1_125000_375000.vcf",-0.585808546057812,0.045339823375211,0.343171652634367,-0.64093071185643,0.64093071185643,1146,2820,131,NA
"NC_071309.1_1250000_1500000.vcf",0.582533505451393,0.0468575358145208,0.339345284973488,0.430367733033062,0.430367733033062,1460,2785,135,NA
"NC_071309.1_1375000_1625000.vcf",0.442777120725064,0.149444007299316,0.196051578637577,0.78668067226063,0.78668067226063,926,1306,541,NA
"NC_071309.1_1500000_1750000.vcf",0.217570116436606,0.496959777853541,0.0473367555662382,-0.581581212672857,0.581581212672857,1227,738,1492,NA
"NC_071309.1_1625000_1875000.vcf",0.246320282786692,0.440258607710203,0.0606736817121162,-0.531657304482507,0.531657304482507,1313,690,1388,NA
"NC_071309.1_1750000_2000000.vcf",0.0377225119024903,0.907343163608644,0.00142298790423353,-0.512967853627224,0.512967853627224,1340,654,2043,NA
"NC_071309.1_1875000_2125000.vcf",-0.0160756375778911,0.960452488987265,0.000258426123535704,-0.791211598148267,0.791211598148267,918,632,2119,NA
"NC_071309.1_2000000_2250000.vcf",0.10147249582551,0.753679258454889,0.0102966674090582,0.332005553460498,0.332005553460498,1620,1534,1854,NA
"NC_071309.1_2125000_2375000.vcf",0.287911232988355,0.364162786900628,0.0828928780808747,0.836450479267566,0.836450479267566,868,3306,1248,NA
"NC_071309.1_2250000_2500000.vcf",0.411948532704277,0.183310265243759,0.169701593597206,0.633259280460277,0.633259280460277,1157,3697,795,NA
"NC_071309.1_2375000_2625000.vcf",0.0551009235475647,0.864947501898219,0.00303611177579457,0.147855430616207,0.147855430616207,1912,2963,1998,NA
"NC_071309.1_250000_500000.vcf",-0.319842467385931,0.310836229613582,0.10229920394352,-0.0426227075066198,0.0426227075066198,2095,2715,1146,NA
"NC_071309.1_2500000_2750000.vcf",0.184319940644723,0.566329349321964,0.0339738405192741,0.132645972920309,0.132645972920309,1944,3311,1608,NA
"NC_071309.1_2625000_2875000.vcf",-0.198673206936214,0.535911669180345,0.0394710431543195,0.167230693686959,0.167230693686959,1874,3112,1567,NA
"NC_071309.1_2750000_3000000.vcf",0.121450869172661,0.706917671268253,0.0147503136227948,0.492887434241844,0.492887434241844,1368,2422,1799,NA
"NC_071309.1_2875000_3125000.vcf",-0.290816037056875,0.359124206351811,0.0845739674094656,0.592434887113126,0.592434887113126,1212,2343,1235,NA
"NC_071309.1_3000000_3250000.vcf",0.371657555573452,0.234222351335043,0.138129338614834,0.506933794539704,0.506933794539704,1351,2906,997,NA
"NC_071309.1_3125000_3375000.vcf",0.446557792897608,0.145589624038624,0.199413862397583,0.526402482959477,0.526402482959477,1324,3319,527,NA
"NC_071309.1_3250000_3500000.vcf",-0.260059368657737,0.414319826299174,0.0676308752266609,0.352444547666581,0.352444547666581,1578,2945,1343,NA
"NC_071309.1_3375000_3625000.vcf",-0.21770401737768,0.496688391055243,0.0473950391823812,0.142897706385705,0.142897706385705,1925,2452,1491,NA
"NC_071309.1_3500000_3750000.vcf",-0.423064201878441,0.170595545957349,0.178983318911042,0.148298219101683,0.148298219101683,1909,1326,631,NA
"NC_071309.1_3625000_3875000.vcf",0.000493151690728012,0.998786384904632,2.43198590067897e-07,-0.739058776758172,0.739058776758172,978,927,2161,NA
"NC_071309.1_375000_625000.vcf",0.293127322650716,0.355141591430039,0.0859236272843772,0.802783016570513,0.802783016570513,905,1389,1229,NA
"NC_071309.1_3750000_4000000.vcf",0.458834576435528,0.133516677809178,0.210529168532771,0.497454358263944,0.497454358263944,1361,2178,475,NA
"NC_071309.1_3875000_4125000.vcf",0.460139563886466,0.132272929607765,0.211728418253627,0.993171955925608,0.993171955925608,657,2951,467,NA
"NC_071309.1_4000000_4250000.vcf",0.459878250744524,0.132521374601115,0.211488005507843,0.987252941479517,0.987252941479517,667,2641,470,NA
"NC_071309.1_4125000_4375000.vcf",0.459484197538772,0.132896596166382,0.21112572778785,1.03442216758396,1.03442216758396,605,1856,473,NA
"NC_071309.1_4250000_4500000.vcf",0.461422388065326,0.131057669759595,0.212910620207908,1.32698349273084,1.32698349273084,335,1218,463,NA
"NC_071309.1_4375000_4625000.vcf",0.46075877970734,0.131685416023707,0.212298653077397,0.887540523855106,0.887540523855106,793,1514,465,NA
"NC_071309.1_4500000_4750000.vcf",0.439121518771643,0.153232444630911,0.192827708248315,0.708906087846516,0.708906087846516,1030,1489,561,NA
"NC_071309.1_4625000_4875000.vcf",0.315917709075537,0.317143757631841,0.0998039989075359,0.0924349877439096,0.0924349877439096,2012,1363,1157,NA
"NC_071309.1_4750000_5000000.vcf",0.222094915250255,0.487826011483388,0.0493261513800181,-0.279026812764886,0.279026812764886,1703,1646,1478,NA
"NC_071309.1_4875000_5125000.vcf",0.225756106216446,0.480491770939366,0.050965819494011,-0.0837689116455313,0.0837689116455313,2028,1531,1471,NA
"NC_071309.1_500000_750000.vcf",0.407786843291392,0.188218009172834,0.166290109561558,-0.470613802970701,0.470613802970701,1390,764,838,NA
"NC_071309.1_5000000_5250000.vcf",0.212330477911653,0.507631183174216,0.0450842318501908,0.504347895612613,0.504347895612613,1353,1495,1509,NA
"NC_071309.1_5125000_5375000.vcf",0.150195181498783,0.64127324852052,0.0225585925454524,0.574527824082926,0.574527824082926,1234,1637,1712,NA
"NC_071309.1_5250000_5500000.vcf",0.160278990585934,0.618765285230986,0.0256893548232458,0.437761956701358,0.437761956701358,1442,1273,1686,NA
"NC_071309.1_5375000_5625000.vcf",0.164116172496871,0.610277440104272,0.0269341180750229,0.560552759440376,0.560552759440376,1258,1232,1675,NA
"NC_071309.1_5500000_5750000.vcf",0.27845178024069,0.380825627995109,0.0775353939192096,0.981508331442645,0.981508331442645,673,1818,1280,NA
"NC_071309.1_5625000_5875000.vcf",0.319325365986675,0.311663262198012,0.101968689362524,1.16388714664601,1.16388714664601,469,1962,1147,NA
"NC_071309.1_5750000_6000000.vcf",0.29435897979186,0.353028913704205,0.0866472089841046,1.32601995010293,1.32601995010293,336,1666,1220,NA
"NC_071309.1_5875000_6125000.vcf",0.222237579524508,0.487539274247528,0.0493895417529118,0.808859658416978,0.808859658416978,895,1555,1477,NA
"NC_071309.1_6000000_6250000.vcf",0.128438201882666,0.690771398791308,0.0164963717028526,-0.0229515453587063,0.0229515453587063,2130,1354,1779,NA
"NC_071309.1_6125000_6375000.vcf",0.00880072326330712,0.97834420656969,7.74527299573151e-05,-0.178884802068106,0.178884802068106,1860,703,2146,NA
"NC_071309.1_625000_875000.vcf",0.379983611421028,0.223078771426087,0.144387544948567,0.542305245396682,0.542305245396682,1290,1653,973,NA
"NC_071309.1_6250000_6500000.vcf",-0.0592831215054432,0.854789432321518,0.00351448849542914,-0.113485583241916,0.113485583241916,1976,266,1976,NA
"NC_071309.1_6375000_6625000.vcf",0.203051087086827,0.526774288431537,0.0412297439671422,-0.135233599748749,0.135233599748749,1936,243,1550,NA
"NC_071309.1_6500000_6750000.vcf",-0.0642409042739115,0.842773834827995,0.00412689378192986,-0.0229525148441587,0.0229525148441587,2129,640,1961,NA
"NC_071309.1_6625000_6875000.vcf",-0.268911327667728,0.398021094781246,0.07231330214802,0.242009632202669,0.242009632202669,1757,1541,1308,NA
"NC_071309.1_6750000_7000000.vcf",-0.287501780076173,0.364875981434148,0.0826572735469681,0.267292144492575,0.267292144492575,1720,2172,1249,NA
"NC_071309.1_6875000_7125000.vcf",0.509211902037654,0.0908568157157716,0.259296761176805,0.205783172891503,0.205783172891503,1826,2283,263,NA
"NC_071309.1_7000000_7250000.vcf",0.519727808446163,0.0832905799288007,0.270116994872252,0.208051058847208,0.208051058847208,1823,2044,249,NA
"NC_071309.1_7125000_7375000.vcf",-0.124977416376948,0.698754234693187,0.015619354604257,0.198272240466673,0.198272240466673,1834,1925,1791,NA
"NC_071309.1_7250000_7500000.vcf",-0.427681430738745,0.16548176915493,0.18291140619874,0.487716548119748,0.487716548119748,1376,2465,607,NA
"NC_071309.1_7375000_7625000.vcf",0.457702666589892,0.134601600149506,0.209491731003498,0.324688723550741,0.324688723550741,1632,3154,480,NA
"NC_071309.1_750000_1000000.vcf",0.198327325751301,0.536636428114553,0.0393337281396628,-0.10391616633576,0.10391616633576,1987,2785,1570,NA
"NC_071309.1_7500000_7750000.vcf",0.493405278825289,0.103080330189363,0.243448769172662,-0.293763241837968,0.293763241837968,1682,3822,306,NA
"NC_071309.1_7625000_7875000.vcf",0.404847226481235,0.19173315127271,0.163901276789549,-0.371287783742717,0.371287783742717,1555,3358,849,NA
"NC_071309.1_7750000_8000000.vcf",-0.19603886653155,0.541442071082642,0.0384312371909748,0.0720865390711732,0.0720865390711732,2051,2843,1574,NA
"NC_071309.1_7875000_8125000.vcf",-0.268340184959808,0.399062783447687,0.0720064548642637,0.370073868839988,0.370073868839988,1558,2935,1313,NA
"NC_071309.1_8000000_8250000.vcf",-0.473618139097393,0.119866471483255,0.224314141682078,0.528301318019368,0.528301318019368,1320,2315,397,NA
"NC_071309.1_8125000_8375000.vcf",-0.43126541882865,0.161579872036869,0.185989861477451,0.530693969360929,0.530693969360929,1318,1225,593,NA
"NC_071309.1_8250000_8500000.vcf",0.368503034042712,0.238529192521203,0.135794486098684,-0.58057192536729,0.58057192536729,1229,1210,1013,NA
"NC_071309.1_8375000_8625000.vcf",0.17509277821398,0.586242116890252,0.0306574809826899,-0.682121728511057,0.682121728511057,1071,2606,1640,NA
"NC_071309.1_8500000_8750000.vcf",0.207239381068626,0.518095792372571,0.0429481610657073,-0.718958641958628,0.718958641958628,1015,2590,1536,NA
"NC_071309.1_8625000_8875000.vcf",0.0389132544571175,0.904429994127399,0.00151424137244438,-1.1073503744565,1.1073503744565,528,2183,2040,NA
"NC_071309.1_875000_1125000.vcf",-0.193215108658685,0.547396562850034,0.0373320782139874,-0.0858776740382023,0.0858776740382023,2025,2747,1579,NA
"NC_071309.1_8750000_9000000.vcf",-0.0558342599886177,0.863164914465984,0.00311746458847655,-1.58371689166825,1.58371689166825,208,1903,1993,NA
"NC_071309.1_8875000_9125000.vcf",-0.268527207744136,0.398721526929052,0.0721068612988626,-1.25735990436238,1.25735990436238,396,1000,1311,NA
"NC_071309.1_9000000_9250000.vcf",-0.369308999015971,0.23742438293277,0.136389136754178,0.478116767941264,0.478116767941264,1382,1395,1007,NA
"NC_071309.1_9125000_9375000.vcf",-0.333631360976171,0.289233941638828,0.111309885026812,0.222952158668632,0.222952158668632,1794,2382,1105,NA
"NC_071309.1_9250000_9500000.vcf",-0.133346806847281,0.679498521670046,0.017781370896366,-0.648672947035712,0.648672947035712,1131,2686,1762,NA
"NC_071309.1_9375000_9625000.vcf",-0.140134791241903,0.66400871299986,0.0196377597164117,-1.10171161933312,1.10171161933312,537,2537,1744,NA
"NC_071309.1_9500000_9750000.vcf",0.125072046399094,0.698535578937266,0.0156430167904572,-0.983378178359277,0.983378178359277,670,2266,1790,NA
"NC_071309.1_9625000_9875000.vcf",0.249907577693791,0.433411746293426,0.0624537973887783,-0.488676244377721,0.488676244377721,1374,2566,1375,NA
"NC_071309.1_9750000_10000000.vcf",-0.379127744160163,0.224209283459554,0.143737846391974,-0.286057772527522,0.286057772527522,1696,2131,977,NA
"NC_071310.1_0_250000.vcf",0.41809707526885,0.176206576694337,0.174805164348367,0.225191410302751,0.225191410302751,1790,318,657,NA
"NC_071310.1_1000000_1250000.vcf",0.425504269104891,0.167880845815928,0.181053883026487,0.0133398361908645,0.0133398361908645,2147,1611,617,NA
"NC_071310.1_1125000_1375000.vcf",-0.41611410401562,0.178478457756032,0.173150947560722,-0.15109499926667,0.15109499926667,1903,898,669,NA
"NC_071310.1_125000_375000.vcf",-0.41097287295023,0.184453606939992,0.168898702300966,-1.05582199275856,1.05582199275856,583,434,813,NA
"NC_071310.1_1250000_1500000.vcf",-0.488604971839397,0.106999045924754,0.238734818506178,1.24407370351607,1.24407370351607,408,1124,329,NA
"NC_071310.1_1375000_1625000.vcf",0.369721387268616,0.236860261255006,0.13669390420383,0.300187710187094,0.300187710187094,1666,1903,1005,NA
"NC_071310.1_1500000_1750000.vcf",-0.339138890615586,0.28085001931399,0.11501518712797,-0.578605641168614,0.578605641168614,1232,2465,1086,NA
"NC_071310.1_1625000_1875000.vcf",-0.329462875447062,0.295672483239976,0.108545786297847,-0.650788928894003,0.650788928894003,1126,2184,1114,NA
"NC_071310.1_1750000_2000000.vcf",-0.152067298106447,0.637072810328956,0.0231244631533951,-0.996427351811962,0.996427351811962,652,1673,1708,NA
"NC_071310.1_1875000_2125000.vcf",-0.111806954957343,0.729384904868849,0.0125007951768334,-1.1773328559079,1.1773328559079,458,2242,1832,NA
"NC_071310.1_2000000_2250000.vcf",-0.152509335295518,0.636082442152419,0.0232590973522808,-1.10921432829705,1.10921432829705,522,2689,1707,NA
"NC_071310.1_2125000_2375000.vcf",-0.120431930523886,0.709281692793005,0.0145038498897101,-1.17937114786806,1.17937114786806,456,2558,1805,NA
"NC_071310.1_2250000_2500000.vcf",-0.0781926272497138,0.809132913079886,0.00611408695621269,-1.20654413924686,1.20654413924686,433,2388,1922,NA
"NC_071310.1_2375000_2625000.vcf",-0.147629475502256,0.647045581669896,0.0217944620370713,-0.674431884401835,0.674431884401835,1086,2593,1719,NA
"NC_071310.1_250000_500000.vcf",-0.245451035860359,0.441925491114747,0.0602462110049234,-1.88034097027199,1.88034097027199,120,989,1395,NA
"NC_071310.1_2500000_2750000.vcf",-0.397964344197351,0.200121140365068,0.158375619252428,0.371681870542517,0.371681870542517,1554,3041,884,NA
"NC_071310.1_2625000_2875000.vcf",-0.527327690475714,0.0780969149028837,0.278074493142451,1.1581101425501,1.1581101425501,478,2669,232,NA
"NC_071310.1_2750000_3000000.vcf",-0.50931943473071,0.0907771833441204,0.25940628659441,1.00167063321996,1.00167063321996,643,1527,261,NA
"NC_071310.1_2875000_3125000.vcf",-0.431408752241674,0.161425049082901,0.186113511510718,0.258708449955952,0.258708449955952,1732,1104,592,NA
"NC_071310.1_3000000_3250000.vcf",-0.464362114191897,0.128300246090234,0.215632173096768,0.664868301816931,0.664868301816931,1104,2074,434,NA
"NC_071310.1_3125000_3375000.vcf",-0.403333870415001,0.193558489429429,0.162678211023945,0.757201835722711,0.757201835722711,962,2788,857,NA
"NC_071310.1_3250000_3500000.vcf",-0.392948584040256,0.206373059102368,0.154408589699242,0.672951036049296,0.672951036049296,1088,2276,917,NA
"NC_071310.1_3375000_3625000.vcf",-0.0588245768871602,0.855902222815532,0.00346033084595342,0.595666027203921,0.595666027203921,1205,1366,1979,NA
"NC_071310.1_3500000_3750000.vcf",0.500592782775465,0.0973937697356683,0.250593134166884,1.01920621599587,1.01920621599587,620,2174,279,NA
"NC_071310.1_3625000_3875000.vcf",0.518169687303301,0.0843836305264602,0.268499824840001,1.15614989946668,1.15614989946668,481,2517,251,NA
"NC_071310.1_375000_625000.vcf",-0.189052258254767,0.55622407661303,0.035740756351227,0.0948298413655701,0.0948298413655701,2007,1998,1588,NA
"NC_071310.1_3750000_4000000.vcf",0.48648154676651,0.108763642892288,0.236664295344336,1.18954342758948,1.18954342758948,448,2279,337,NA
"NC_071310.1_3875000_4125000.vcf",-0.435101089228171,0.157469127699328,0.189312957847541,1.15953262126267,1.15953262126267,476,2687,573,NA
"NC_071310.1_4000000_4250000.vcf",-0.446290765776627,0.145859737925808,0.199175447617489,1.10380375480868,1.10380375480868,533,2495,528,NA
"NC_071310.1_4125000_4375000.vcf",-0.438072550715775,0.154330738055636,0.191907559690626,1.05253375392692,1.05253375392692,586,2307,564,NA
"NC_071310.1_4250000_4500000.vcf",-0.45319246129333,0.13898129738133,0.205383406973107,1.27350609932393,1.27350609932393,384,1716,503,NA
"NC_071310.1_4375000_4625000.vcf",-0.441334002607361,0.150932320799967,0.194775701857434,0.637950869575279,0.637950869575279,1153,1048,545,NA
"NC_071310.1_4500000_4750000.vcf",-0.403891036484212,0.192885220815014,0.163127969352291,0.0745682506873913,0.0745682506873913,2046,1741,852,NA
"NC_071310.1_4625000_4875000.vcf",-0.302518295781839,0.339202856937936,0.091517319282748,0.152110641247569,0.152110641247569,1898,2083,1192,NA
"NC_071310.1_4750000_5000000.vcf",-0.270105893252306,0.395846824786033,0.072957193569626,0.214634122249285,0.214634122249285,1809,1730,1304,NA
"NC_071310.1_4875000_5125000.vcf",-0.301666697708999,0.340632060280817,0.0910027965066527,0.469389886527801,0.469389886527801,1392,1573,1195,NA
"NC_071310.1_500000_750000.vcf",-0.411869319205677,0.183402927925703,0.169636336102947,0.113550837338146,0.113550837338146,1975,1865,798,NA
"NC_071310.1_5000000_5250000.vcf",-0.388738425420988,0.211711665152987,0.151117563398789,0.912458361999072,0.912458361999072,757,940,938,NA
"NC_071310.1_5125000_5375000.vcf",-0.396686507138403,0.201702744616176,0.157360184945666,0.781631041324097,0.781631041324097,929,992,893,NA
"NC_071310.1_5250000_5500000.vcf",-0.409675896467243,0.185980334283821,0.167834340146239,0.899320177537507,0.899320177537507,779,1586,825,NA
"NC_071310.1_5375000_5625000.vcf",-0.402533944133746,0.194527635073737,0.16203357617987,1.10093134733475,1.10093134733475,540,1627,861,NA
"NC_071310.1_5500000_5750000.vcf",-0.396078282693295,0.202458235995543,0.15687800602127,1.2106795721242,1.2106795721242,427,1184,898,NA
"NC_071310.1_5625000_5875000.vcf",-0.353896136069734,0.259078776137932,0.125242475125088,0.634953450404482,0.634953450404482,1155,942,1048,NA
"NC_071310.1_5750000_6000000.vcf",-0.269195779899628,0.397502805822068,0.072466367915769,0.0767045905649358,0.0767045905649358,2043,1468,1307,NA
"NC_071310.1_5875000_6125000.vcf",-0.238697886928739,0.454978156694108,0.0569766812242451,-0.0240230077554424,0.0240230077554424,2126,1888,1420,NA
"NC_071310.1_6000000_6250000.vcf",-0.238828213786431,0.454724546375807,0.0570389157004172,-0.0920634868504677,0.0920634868504677,2013,1651,1418,NA
"NC_071310.1_6125000_6375000.vcf",-0.239757922843014,0.452917317578536,0.0574838615659969,-0.23522594016451,0.23522594016451,1772,968,1412,NA
"NC_071310.1_625000_875000.vcf",0.410192955043981,0.185370745300604,0.168258260367713,-0.980018389098036,0.980018389098036,677,2381,821,NA
"NC_071310.1_6250000_6500000.vcf",-0.239165810245993,0.454067909995895,0.0572002847906223,-0.103873367701289,0.103873367701289,1989,1394,1416,NA
"NC_071310.1_6375000_6625000.vcf",-0.237844664181738,0.456640143088983,0.0565700842797237,-0.0552973588879297,0.0552973588879297,2077,2112,1422,NA
"NC_071310.1_6500000_6750000.vcf",-0.255037499107213,0.423711330592587,0.0650441259508616,-0.145862306101601,0.145862306101601,1917,1178,1358,NA
"NC_071310.1_6625000_6875000.vcf",-0.413493089461577,0.181509287403831,0.17097653503248,-0.321592173546116,0.321592173546116,1638,360,705,NA
"NC_071310.1_6750000_7000000.vcf",-0.413659825180359,0.181315532798289,0.171114450968245,-0.87705400304442,0.87705400304442,812,406,702,NA
"NC_071310.1_6875000_7125000.vcf",-0.478496361981243,0.115571960184398,0.228958768429284,-1.10915323433292,1.10915323433292,523,483,367,NA
"NC_071310.1_7000000_7250000.vcf",0.275888053446227,0.3854082222669,0.076114218034348,-0.648002835503739,0.648002835503739,1132,591,1287,NA
"NC_071310.1_7125000_7375000.vcf",-0.326926170438654,0.299629712062054,0.106880720917684,-0.723675059766853,0.723675059766853,999,630,1123,NA
"NC_071310.1_7250000_7500000.vcf",-0.207730950154838,0.517081315998801,0.0431521476522319,-1.16062938494055,1.16062938494055,473,555,1533,NA
"NC_071310.1_7375000_7625000.vcf",-0.188398299576666,0.557616106660893,0.0354939192833791,-1.14364794686541,1.14364794686541,489,534,1591,NA
"NC_071310.1_750000_1000000.vcf",0.447249855719072,0.144891058066683,0.200032433440731,-0.831317886353696,0.831317886353696,873,3890,524,NA
"NC_071310.1_7500000_7750000.vcf",-0.420794664165013,0.173145156610441,0.177068149389746,-0.62791002044676,0.62791002044676,1164,694,646,NA
"NC_071310.1_7625000_7875000.vcf",-0.432472862601214,0.16027858101502,0.187032776886489,-0.234540277743023,0.234540277743023,1774,1336,589,NA
"NC_071310.1_7750000_8000000.vcf",-0.36722070496867,0.240293267258314,0.134851046157687,0.215468612550395,0.215468612550395,1806,2060,1020,NA
"NC_071310.1_7875000_8125000.vcf",-0.152718695654857,0.635613568612343,0.0233230000025208,0.536001916852522,0.536001916852522,1306,2449,1706,NA
"NC_071310.1_8000000_8250000.vcf",-0.248524350822714,0.436045675169699,0.0617643529518517,0.683850850647194,0.683850850647194,1069,2638,1382,NA
"NC_071310.1_8125000_8375000.vcf",-0.247744791646757,0.43753351345594,0.0613774817880951,0.0931500065869628,0.0931500065869628,2010,2752,1383,NA
"NC_071310.1_8250000_8500000.vcf",-0.0905613422820527,0.779553347591251,0.0082013567159271,-1.0505604155946,1.0505604155946,588,2554,1888,NA
"NC_071310.1_8375000_8625000.vcf",0.0306800159081506,0.92459307397244,0.000941263376124373,-2.09914680942072,2.09914680942072,82,1432,2065,NA
"NC_071310.1_8500000_8750000.vcf",-0.458891855446153,0.133461927999498,0.210581734994813,0.0886314965545976,0.0886314965545976,2018,980,474,NA
"NC_071310.1_8625000_8875000.vcf",0.15861875054794,0.622451104816156,0.0251599080253895,-0.71806178078958,0.71806178078958,1016,2265,1694,NA
"NC_071310.1_875000_1125000.vcf",0.481381382577347,0.113080560348364,0.231728035492078,-0.299679101974718,0.299679101974718,1668,3279,357,NA
"NC_071310.1_8750000_9000000.vcf",0.123606862139561,0.701923439091985,0.0152786563679883,-0.983479333575652,0.983479333575652,669,2225,1795,NA
"NC_071310.1_8875000_9125000.vcf",0.0642848346515258,0.842667499735357,0.00413253996617401,-0.675016708397243,0.675016708397243,1084,2228,1960,NA
"NC_071310.1_9000000_9250000.vcf",0.10108963038815,0.754583396998761,0.0102191133720129,-0.449412209221173,0.449412209221173,1422,1950,1858,NA
"NC_071310.1_9125000_9375000.vcf",0.613123065376741,0.0340066664067459,0.375919893296971,1.58965357031018,1.58965357031018,205,756,93,NA
"NC_071310.1_9250000_9500000.vcf",0.549149562995831,0.064422830608676,0.301565242538512,1.20850356930216,1.20850356930216,430,1096,200,NA
"NC_071311.1_0_250000.vcf",0.308079804925896,0.329948995217226,0.0949131662031782,1.78222942432134,1.78222942432134,143,3803,1172,NA
"NC_071311.1_1000000_1250000.vcf",0.527296489620667,0.0781177730735312,0.278041587966278,0.722873674858777,0.722873674858777,1001,3536,233,NA
"NC_071311.1_1125000_1375000.vcf",0.556799102057956,0.0600501994208373,0.310025240052546,1.76393066336148,1.76393066336148,150,3584,187,NA
"NC_071311.1_125000_375000.vcf",0.334355146469391,0.288124155020324,0.111793363970568,0.513644804347871,0.513644804347871,1336,3391,1104,NA
"NC_071311.1_1250000_1500000.vcf",0.554361484553821,0.0614204853475306,0.307316655556717,1.48984648429916,1.48984648429916,237,3926,191,NA
"NC_071311.1_1375000_1625000.vcf",-0.44890325515277,0.143230859331623,0.201514132486753,0.611586095467888,0.611586095467888,1181,2717,519,NA
"NC_071311.1_1500000_1750000.vcf",-0.378838148260828,0.224592586866635,0.143518342577693,0.202667992734594,0.202667992734594,1829,1033,979,NA
"NC_071311.1_1625000_1875000.vcf",-0.115502872779166,0.720750449275053,0.0133409136202401,-0.304307723516767,0.304307723516767,1660,1534,1818,NA
"NC_071311.1_1750000_2000000.vcf",0.0923090717880283,0.775394338878878,0.00852096473436735,0.32245316416083,0.32245316416083,1636,2875,1883,NA
"NC_071311.1_1875000_2125000.vcf",0.00941738337933633,0.976827148372865,8.86871097134001e-05,0.844679789839485,0.844679789839485,850,3722,2144,NA
"NC_071311.1_2000000_2250000.vcf",-0.0556230128563541,0.863678352319682,0.00309391955921813,0.877700365764546,0.877700365764546,810,3558,1995,NA
"NC_071311.1_2125000_2375000.vcf",-0.0372799569918884,0.908426149835066,0.00138979519331705,0.684803500903021,0.684803500903021,1068,3044,2045,NA
"NC_071311.1_2250000_2500000.vcf",-0.0596073506741701,0.854002743368395,0.00355303625439348,0.644009881419694,0.644009881419694,1140,2948,1975,NA
"NC_071311.1_2375000_2625000.vcf",-0.147081804348483,0.648280062432697,0.0216330571704055,0.447246621413767,0.447246621413767,1426,2835,1723,NA
"NC_071311.1_250000_500000.vcf",0.414428830569038,0.180423581506186,0.17175125560682,-0.465213561022337,0.465213561022337,1401,2503,687,NA
"NC_071311.1_2500000_2750000.vcf",-0.113299154183783,0.725895273029435,0.0128366983387607,0.403781791002157,0.403781791002157,1502,2754,1825,NA
"NC_071311.1_2625000_2875000.vcf",-0.0160234014453083,0.960580906444716,0.000256749393877508,0.775521652874483,0.775521652874483,937,2340,2120,NA
"NC_071311.1_2750000_3000000.vcf",-0.137118003976662,0.670878374067552,0.0188013470145438,0.940423956515352,0.940423956515352,725,2065,1749,NA
"NC_071311.1_2875000_3125000.vcf",-0.0128046591112499,0.968495421998904,0.000163959294955316,1.01728929577797,1.01728929577797,621,2586,2133,NA
"NC_071311.1_3000000_3250000.vcf",0.0243149724702232,0.9402095167792,0.00059121788622771,1.24041857617907,1.24041857617907,412,2171,2087,NA
"NC_071311.1_3125000_3375000.vcf",-0.0246951660149611,0.939276129632489,0.000609851224506492,2.21538317472424,2.21538317472424,62,1166,2085,NA
"NC_071311.1_3250000_3500000.vcf",0.0303189632546359,0.925478300456817,0.000919239532835959,1.94449076251906,1.94449076251906,103,1797,2066,NA
"NC_071311.1_3375000_3625000.vcf",-0.0266358591747338,0.934512782551651,0.000709468993976252,1.19527809334742,1.19527809334742,442,2652,2077,NA
"NC_071311.1_3500000_3750000.vcf",-0.134013367780756,0.677972306928958,0.0179595827439403,0.720657712964261,0.720657712964261,1008,2344,1760,NA
"NC_071311.1_3625000_3875000.vcf",-0.147745717728804,0.646783670217212,0.0218287971071996,0.429025619837344,0.429025619837344,1464,2482,1717,NA
"NC_071311.1_375000_625000.vcf",-0.483805736893287,0.111014641086816,0.234067991050856,0.588422971391431,0.588422971391431,1220,3276,346,NA
"NC_071311.1_3750000_4000000.vcf",-0.132613084563556,0.681179792526533,0.0175862301974609,0.387838209394087,0.387838209394087,1532,2444,1764,NA
"NC_071311.1_3875000_4125000.vcf",-0.160162114824893,0.61902449312192,0.0256519030251822,0.615036681509419,0.615036681509419,1177,1726,1687,NA
"NC_071311.1_4000000_4250000.vcf",-0.182932364377789,0.569306300851326,0.0334642499368483,0.628180367205307,0.628180367205307,1163,1560,1610,NA
"NC_071311.1_4125000_4375000.vcf",-0.168347514018141,0.600968563949733,0.0283408854760881,0.456137918729153,0.456137918729153,1415,1950,1664,NA
"NC_071311.1_4250000_4500000.vcf",-0.175379446556647,0.585619387490687,0.0307579502745158,0.429945564901589,0.429945564901589,1462,2428,1639,NA
"NC_071311.1_4375000_4625000.vcf",-0.173276323746936,0.590193982440458,0.030024684371253,0.437425215530706,0.437425215530706,1446,2206,1650,NA
"NC_071311.1_4500000_4750000.vcf",-0.177532411544194,0.580950783649874,0.0315177571486971,0.571446122625893,0.571446122625893,1241,1868,1626,NA
"NC_071311.1_4625000_4875000.vcf",-0.0769756484628598,0.812056359875635,0.00592525045627778,0.82053031800794,0.82053031800794,881,2370,1926,NA
"NC_071311.1_4750000_5000000.vcf",-0.0985143088415709,0.76067233203158,0.00970506904653241,0.699430779804331,0.699430779804331,1045,3013,1873,NA
"NC_071311.1_4875000_5125000.vcf",-0.168600261892033,0.600414234820717,0.0284260483100623,0.464767227509138,0.464767227509138,1402,2825,1663,NA
"NC_071311.1_500000_750000.vcf",-0.436989827178426,0.155469626371786,0.190960109057431,0.64953461221336,0.64953461221336,1129,3541,565,NA
"NC_071311.1_5000000_5250000.vcf",-0.173392456843998,0.589941015787967,0.0300649440903978,0.480701325141062,0.480701325141062,1380,2286,1649,NA
"NC_071311.1_5125000_5375000.vcf",-0.181492644862199,0.572401740110336,0.0329395801390763,0.532009914050964,0.532009914050964,1312,1903,1612,NA
"NC_071311.1_5250000_5500000.vcf",-0.160298672181046,0.618721639171205,0.0256956643030064,0.446914785829127,0.446914785829127,1429,1107,1685,NA
"NC_071311.1_5375000_5625000.vcf",-0.16905284770202,0.59942210521258,0.0285788653161625,-1.05603932688249,1.05603932688249,582,520,1661,NA
"NC_071311.1_5500000_5750000.vcf",0.198741161428887,0.535769326156714,0.0394980492461029,-0.962095603241695,0.962095603241695,700,472,1566,NA
"NC_071311.1_5625000_5875000.vcf",0.0314379153877141,0.922735117580301,0.000988342523925072,-0.355919155302701,0.355919155302701,1573,333,2060,NA
"NC_071311.1_5750000_6000000.vcf",0.0257506329352306,0.936685296067327,0.000663095096564985,-0.644601337968609,0.644601337968609,1137,254,2081,NA
"NC_071311.1_5875000_6125000.vcf",-0.265190722326955,0.404831679683106,0.0703261192082923,-1.000551089659,1.000551089659,646,394,1327,NA
"NC_071311.1_6000000_6250000.vcf",0.422478909286282,0.171250793230145,0.178488428791726,-0.595397363627972,0.595397363627972,1207,431,637,NA
"NC_071311.1_6125000_6375000.vcf",0.279852746695873,0.378333379743863,0.0783175598332247,0.0322849495267634,0.0322849495267634,2115,271,1275,NA
"NC_071311.1_625000_875000.vcf",0.581044450081713,0.0475592956601583,0.337612652970761,0.579847451200548,0.579847451200548,1230,2438,138,NA
"NC_071311.1_6250000_6500000.vcf",-0.0530007252114493,0.870055817092496,0.00280907687293956,-1.26630858774995,1.26630858774995,391,409,2005,NA
"NC_071311.1_6375000_6625000.vcf",0.0289381941014553,0.92886436887811,0.000837419077853501,-1.42849087361193,1.42849087361193,267,608,2071,NA
"NC_071311.1_6500000_6750000.vcf",-0.283996699700561,0.371011137459043,0.0806541254408108,-1.11174999784288,1.11174999784288,519,516,1259,NA
"NC_071311.1_6625000_6875000.vcf",0.204291727815475,0.524197092354851,0.0417351100538322,-0.781017760634193,0.781017760634193,930,417,1544,NA
"NC_071311.1_6750000_7000000.vcf",-0.192704033792119,0.548477173259373,0.0371348446397541,-0.918831768324533,0.918831768324533,750,401,1582,NA
"NC_071311.1_6875000_7125000.vcf",0.320424444430315,0.309906894273679,0.102671824588476,-0.976659062445265,0.976659062445265,682,449,1143,NA
"NC_071311.1_7000000_7250000.vcf",0.188050092432454,0.558357888547481,0.0353628372638545,-0.550208693186555,0.550208693186555,1274,546,1593,NA
"NC_071311.1_7125000_7375000.vcf",0.16195840018514,0.615045092863557,0.0262305233905299,-0.704665101357036,0.704665101357036,1036,1852,1682,NA
"NC_071311.1_7250000_7500000.vcf",0.150097872798339,0.641491843991186,0.0225293714185864,-0.632326899802498,0.632326899802498,1158,2992,1713,NA
"NC_071311.1_7375000_7625000.vcf",0.0296798945692225,0.92704535444207,0.000880896141640164,-0.655844784207469,0.655844784207469,1118,3181,2068,NA
"NC_071311.1_750000_1000000.vcf",-0.446241757152188,0.145909348020937,0.199131705826273,0.0443443337850836,0.0443443337850836,2092,2328,529,NA
"NC_071311.1_7500000_7750000.vcf",-0.133970814107678,0.678069708322921,0.017948179032674,-0.70812923080575,0.70812923080575,1031,4280,1761,NA
"NC_071311.1_7625000_7875000.vcf",0.405848764893727,0.190531010606933,0.164713219965763,-1.2892028740134,1.2892028740134,368,4731,846,NA
"NC_071311.1_7750000_8000000.vcf",0.159173384252614,0.621218898547099,0.0253361662544302,-1.68146276335666,1.68146276335666,183,4345,1690,NA
"NC_071311.1_7875000_8125000.vcf",-0.0258466908409723,0.936449532281542,0.000668051427428804,-1.88927312635672,1.88927312635672,118,4461,2079,NA
"NC_071311.1_8000000_8250000.vcf",-0.121089245595974,0.707756396877961,0.014662605399002,-1.34182827761797,1.34182827761797,326,4146,1801,NA
"NC_071311.1_8125000_8375000.vcf",-0.10621625276335,0.742500718817708,0.0112818923510878,-0.981946612059003,0.981946612059003,671,4080,1840,NA
"NC_071311.1_8250000_8500000.vcf",0.14215457021074,0.659422578570073,0.0202079218318003,-0.810115133183949,0.810115133183949,891,4202,1737,NA
"NC_071311.1_8375000_8625000.vcf",0.196839253893848,0.539759248475194,0.0387456918734868,0.532135860595021,0.532135860595021,1311,4521,1573,NA
"NC_071311.1_8500000_8750000.vcf",0.551833719034862,0.0628642130780715,0.304520453463847,1.34448843276174,1.34448843276174,323,4540,195,NA
"NC_071311.1_8625000_8875000.vcf",0.600221065027442,0.0390716830212475,0.360265326902676,0.730410581523616,0.730410581523616,992,3516,112,NA
"NC_071311.1_875000_1125000.vcf",-0.289720952955228,0.36101936111527,0.0839382305812852,-0.321912754739221,0.321912754739221,1637,3209,1238,NA
"NC_071311.1_8750000_9000000.vcf",0.461695097950448,0.130800263033006,0.213162363471474,0.457638381232964,0.457638381232964,1414,3264,459,NA
"NC_071311.1_8875000_9125000.vcf",0.542296745346576,0.0685229260999036,0.294085760013489,0.805162824309428,0.805162824309428,901,2739,213,NA
"NC_071311.1_9000000_9250000.vcf",0.454783528776256,0.137425899544783,0.206828058046184,-0.413926859623911,0.413926859623911,1487,2498,497,NA
"NC_071311.1_9125000_9375000.vcf",0.0142372341570011,0.964972524103009,0.000202698836441279,-0.930070550655675,0.930070550655675,735,2822,2128,NA
"NC_071311.1_9250000_9500000.vcf",0.0143744964538775,0.964635006615158,0.000206626148302536,-0.336161475604657,0.336161475604657,1610,2204,2127,NA
"NC_071312.1_0_250000.vcf",0.193008255521938,0.547833823900266,0.0372521866996215,2.08388120587262,2.08388120587262,84,1693,1581,NA
"NC_071312.1_1000000_1250000.vcf",0.14319865675957,0.657056065087517,0.0205058552977453,0.0383708547399875,0.0383708547399875,2106,1266,1735,NA
"NC_071312.1_1125000_1375000.vcf",-0.134867424150985,0.676018409892397,0.0181892220971217,-0.147161375167516,0.147161375167516,1914,2635,1754,NA
"NC_071312.1_125000_375000.vcf",-0.0587442549414424,0.856097171990849,0.00345088748862518,0.911183413336816,0.911183413336816,761,3147,1980,NA
"NC_071312.1_1250000_1500000.vcf",-0.225028390696557,0.481945521972026,0.0506377766194822,-0.217335522496611,0.217335522496611,1803,3134,1472,NA
"NC_071312.1_1375000_1625000.vcf",-0.199106709590105,0.535003893975662,0.0396434818037984,-0.304887792375952,0.304887792375952,1657,1785,1565,NA
"NC_071312.1_1500000_1750000.vcf",0.255814999468059,0.422250510160327,0.0654413139528432,-1.75556819234355,1.75556819234355,152,1037,1354,NA
"NC_071312.1_1625000_1875000.vcf",0.293121769460253,0.355151132040852,0.0859203717315094,-1.49295392941047,1.49295392941047,235,1188,1230,NA
"NC_071312.1_1750000_2000000.vcf",0.372998751930376,0.232405349240824,0.139128068941619,-0.687319289906279,0.687319289906279,1064,2667,992,NA
"NC_071312.1_1875000_2125000.vcf",0.245856956703795,0.441146712532555,0.0604456431596518,-0.557031100876451,0.557031100876451,1267,2891,1392,NA
"NC_071312.1_2000000_2250000.vcf",0.187736414815402,0.559026457553357,0.0352449614477407,0.134545922887225,0.134545922887225,1940,957,1595,NA
"NC_071312.1_2125000_2375000.vcf",-0.0893527184757305,0.782432579385652,0.00798390829900316,-0.721419333224523,0.721419333224523,1005,685,1894,NA
"NC_071312.1_2250000_2500000.vcf",-0.0882625149223961,0.785031858615961,0.00779027154042619,-0.663316344377584,0.663316344377584,1106,1071,1896,NA
"NC_071312.1_2375000_2625000.vcf",0.0651837712660382,0.840492122658562,0.00424892403646319,0.00334607236175799,0.00334607236175799,2160,2323,1958,NA
"NC_071312.1_250000_500000.vcf",-0.0864568648226004,0.789341342202513,0.00747478947495339,0.454875961676482,0.454875961676482,1417,3655,1900,NA
"NC_071312.1_2500000_2750000.vcf",0.11196757167618,0.729009061626759,0.0125367371070606,0.150758671853124,0.150758671853124,1905,2947,1830,NA
"NC_071312.1_2625000_2875000.vcf",0.0880336416344439,0.785577798664474,0.00774992205942169,-0.142357423574031,0.142357423574031,1927,2581,1897,NA
"NC_071312.1_2750000_3000000.vcf",0.117144702083477,0.716924302742785,0.0137228812262265,-0.354743685961132,0.354743685961132,1575,2915,1814,NA
"NC_071312.1_2875000_3125000.vcf",0.422289589265877,0.171463079045337,0.178328497202343,-0.323486205183919,0.323486205183919,1634,2648,638,NA
"NC_071312.1_3000000_3250000.vcf",0.419162282831101,0.17499368373663,0.175697019348179,-0.392692943152882,0.392692943152882,1522,1839,650,NA
"NC_071312.1_3125000_3375000.vcf",0.351087685901226,0.263144020076464,0.123262563191478,-1.13647534480597,1.13647534480597,497,2259,1063,NA
"NC_071312.1_3250000_3500000.vcf",0.426264647929942,0.167040486173197,0.181701550074837,-0.642518261203228,0.642518261203228,1145,2892,614,NA
"NC_071312.1_3375000_3625000.vcf",0.410459635854821,0.185056826147746,0.168477112666072,0.638868040502888,0.638868040502888,1151,2914,819,NA
"NC_071312.1_3500000_3750000.vcf",0.429709442675423,0.163266631348624,0.184650205124422,0.929249435204075,0.929249435204075,739,2732,601,NA
"NC_071312.1_3625000_3875000.vcf",0.599757870026011,0.0392629406492042,0.359709502658138,1.89712753454171,1.89712753454171,114,2011,113,NA
"NC_071312.1_375000_625000.vcf",-0.27319521088597,0.390251920169186,0.0746356232510294,0.0475977378913808,0.0475977378913808,2088,2359,1293,NA
"NC_071312.1_3750000_4000000.vcf",0.678312690697637,0.015319208167125,0.460108106361468,2.82152165580313,2.82152165580313,28,2247,46,NA
"NC_071312.1_3875000_4125000.vcf",0.681781829649911,0.0146064124232913,0.46482646324078,2.99292142163662,2.99292142163662,20,2519,45,NA
"NC_071312.1_4000000_4250000.vcf",0.683233687291156,0.0143154828924515,0.466808271449469,3.49375058237436,3.49375058237436,13,2107,43,"Top 2% (both)"
"NC_071312.1_4125000_4375000.vcf",0.683062326524696,0.0143495964502757,0.466574141917331,3.02965445372951,3.02965445372951,18,2128,44,"Top 2% (both)"
"NC_071312.1_4250000_4500000.vcf",0.628322475504218,0.0286642282993958,0.394789133223748,2.05832988758096,2.05832988758096,86,2198,86,NA
"NC_071312.1_4375000_4625000.vcf",0.476060007947986,0.117703892816002,0.226633131167437,1.6709318078641,1.6709318078641,188,1262,382,NA
"NC_071312.1_4500000_4750000.vcf",0.490184167160054,0.105699122898867,0.240280517734396,0.749722404105512,0.749722404105512,968,180,326,NA
"NC_071312.1_4625000_4875000.vcf",0.474345625142736,0.119219482750632,0.225003772092053,3.40011051209631,3.40011051209631,15,149,395,NA
"NC_071312.1_4750000_5000000.vcf",0.474925214893917,0.118705672066714,0.225553959742034,2.31110352924987,2.31110352924987,56,772,391,NA
"NC_071312.1_4875000_5125000.vcf",0.475387595672503,0.118296814284102,0.225993366119283,1.33204792645978,1.33204792645978,332,1410,386,NA
"NC_071312.1_500000_750000.vcf",0.415211835176589,0.179518209611084,0.172400868070711,-0.719827865281001,0.719827865281001,1010,1141,676,NA
"NC_071312.1_5000000_5250000.vcf",0.475457984676765,0.11823465456664,0.226060295192891,1.16374429436285,1.16374429436285,470,2025,385,NA
"NC_071312.1_5125000_5375000.vcf",-0.435712204030407,0.156820394280975,0.189845124741035,0.367583916033109,0.367583916033109,1561,3072,570,NA
"NC_071312.1_5250000_5500000.vcf",0.259347410028037,0.41564493508567,0.0672610790882509,-0.125991719724409,0.125991719724409,1957,3649,1345,NA
"NC_071312.1_5375000_5625000.vcf",0.302460853997229,0.339299157393989,0.0914825682007328,-0.0569083477132264,0.0569083477132264,2072,3313,1193,NA
"NC_071312.1_5500000_5750000.vcf",0.32954705276271,0.295541674194543,0.108601259984589,0.0727705189428901,0.0727705189428901,2049,2665,1113,NA
"NC_071312.1_5625000_5875000.vcf",0.396272268417909,0.20221709353084,0.157031710717075,-0.134993757984893,0.134993757984893,1939,1429,897,NA
"NC_071312.1_5750000_6000000.vcf",-0.0151981887672828,0.962609723937338,0.00023098494180596,-1.20583264128428,1.20583264128428,434,449,2124,NA
"NC_071312.1_5875000_6125000.vcf",-0.0766592422643695,0.812816798627939,0.00587663942454729,-0.99159566853373,0.99159566853373,659,430,1928,NA
"NC_071312.1_6000000_6250000.vcf",0.286398599320156,0.3668011714491,0.0820241576925471,-0.861458123269077,0.861458123269077,825,451,1254,NA
"NC_071312.1_6125000_6375000.vcf",-0.457226640752494,0.135059568441307,0.20905620101381,-1.25626619895799,1.25626619895799,398,490,482,NA
"NC_071312.1_625000_875000.vcf",0.371983507559134,0.23377998877838,0.138371729895997,0.243444552899169,0.243444552899169,1756,1939,996,NA
"NC_071312.1_6250000_6500000.vcf",-0.130736387814236,0.685486153713081,0.0170920030987143,0.465492051018842,0.465492051018842,1400,1998,1772,NA
"NC_071312.1_6375000_6625000.vcf",-0.331345835526526,0.292754205270809,0.109790062720772,0.429393381190345,0.429393381190345,1463,3597,1110,NA
"NC_071312.1_6500000_6750000.vcf",-0.315728223659435,0.317450052829881,0.0996843112151423,-0.153778588848859,0.153778588848859,1897,3188,1159,NA
"NC_071312.1_6625000_6875000.vcf",-0.179565918708467,0.576554730704602,0.0322439191616158,-0.601170459348861,0.601170459348861,1196,2424,1621,NA
"NC_071312.1_6750000_7000000.vcf",0.0245158269073144,0.939716404124885,0.0006010257689494,-0.640599181844521,0.640599181844521,1147,2953,2086,NA
"NC_071312.1_6875000_7125000.vcf",0.134624856993424,0.676573165388142,0.0181238521205,-0.831062581551848,0.831062581551848,874,3073,1755,NA
"NC_071312.1_7000000_7250000.vcf",0.302248968274344,0.33965450864552,0.0913544388229054,-1.28079046306113,1.28079046306113,375,1498,1194,NA
"NC_071312.1_7125000_7375000.vcf",0.406697245373544,0.189516239239872,0.165402649394428,-1.19839254250881,1.19839254250881,440,659,843,NA
"NC_071312.1_7250000_7500000.vcf",0.0195710396116751,0.951861483163917,0.000383025591481756,-1.27113724750087,1.27113724750087,388,696,2107,NA
"NC_071312.1_7375000_7625000.vcf",0.482952389816601,0.111738948605182,0.233243010829566,-1.38279961454593,1.38279961454593,299,629,351,NA
"NC_071312.1_750000_1000000.vcf",0.369799930676472,0.236752909013543,0.136751988728323,0.532544394826159,0.532544394826159,1310,3122,1004,NA
"NC_071312.1_7500000_7750000.vcf",0.228813990866779,0.474405100911046,0.0523558424163824,-0.847485633969384,0.847485633969384,846,1488,1461,NA
"NC_071312.1_7625000_7875000.vcf",0.571919148954967,0.0520223051630071,0.327091512941374,0.879631611197833,0.879631611197833,804,2919,156,NA
"NC_071312.1_7750000_8000000.vcf",-0.541668598224421,0.0689075246908692,0.293404870302409,1.64656682239433,1.64656682239433,193,2187,214,NA
"NC_071312.1_7875000_8125000.vcf",0.403414044227266,0.193461519831141,0.162742891079798,-0.418940123990766,0.418940123990766,1478,1362,856,NA
"NC_071312.1_8000000_8250000.vcf",0.264456583518336,0.406182397843779,0.0699372845661904,-0.887341779423889,0.887341779423889,794,2589,1330,NA
"NC_071312.1_8125000_8375000.vcf",0.0823332682934877,0.799203160708722,0.00677876706788743,-0.998822213931098,0.998822213931098,648,3229,1909,NA
"NC_071312.1_8250000_8500000.vcf",-0.101030898322293,0.754722118101269,0.0102072424158096,-0.999990990013509,0.999990990013509,647,3449,1861,NA
"NC_071312.1_8375000_8625000.vcf",-0.287319582720395,0.365193572529041,0.082552542614622,-0.808698151677558,0.808698151677558,896,2597,1252,NA
"NC_071312.1_8500000_8750000.vcf",-0.398584086197738,0.199356820042745,0.158869273770086,-0.601584357866006,0.601584357866006,1193,962,881,NA
"NC_071312.1_8625000_8875000.vcf",-0.412928604801701,0.182166201980236,0.170510032663479,-0.508412271375888,0.508412271375888,1348,565,743,NA
"NC_071312.1_875000_1125000.vcf",-0.38519136614576,0.216273845036872,0.148372388553237,0.501093145946743,0.501093145946743,1357,2055,950,NA
"NC_071312.1_8750000_9000000.vcf",0.472491213499091,0.120873249418022,0.223247946833843,0.909953554868593,0.909953554868593,762,1423,406,NA
"NC_071312.1_8875000_9125000.vcf",0.558074548538781,0.0593417542259693,0.311447201726764,1.16003517573192,1.16003517573192,474,2396,185,NA
"NC_071313.1_0_250000.vcf",0.628642625878919,0.028558667183301,0.395191551071942,-0.215262738031703,0.215262738031703,1807,3014,85,NA
"NC_071313.1_1000000_1250000.vcf",-0.371466431212773,0.23448196537027,0.137987309517954,-0.809366696333237,0.809366696333237,893,3650,999,NA
"NC_071313.1_1125000_1375000.vcf",-0.245873481044101,0.441115023801702,0.0604537686807437,-1.37040504156222,1.37040504156222,309,2447,1391,NA
"NC_071313.1_125000_375000.vcf",-0.629470466470374,0.0282870087040811,0.396233068158431,0.013334467532389,0.013334467532389,2148,2116,83,NA
"NC_071313.1_1250000_1500000.vcf",-0.299864273986618,0.343667661493657,0.0899185828135214,-0.389759877367344,0.389759877367344,1529,1772,1200,NA
"NC_071313.1_1375000_1625000.vcf",-0.326342977860029,0.300543659159319,0.106499739198551,-0.182363488697316,0.182363488697316,1856,1742,1124,NA
"NC_071313.1_1500000_1750000.vcf",-0.380385409591717,0.222549221590908,0.144693059830258,0.0621007578149051,0.0621007578149051,2065,1434,971,NA
"NC_071313.1_1625000_1875000.vcf",-0.339172941680622,0.280798620643326,0.115038284368287,-0.19916956239666,0.19916956239666,1833,1326,1085,NA
"NC_071313.1_1750000_2000000.vcf",-0.231879889074328,0.468338467715006,0.0537682829571225,-1.12401606464968,1.12401606464968,508,745,1442,NA
"NC_071313.1_1875000_2125000.vcf",-0.241621572619739,0.449304929684406,0.0583809843552357,-0.909057902917611,0.909057902917611,763,1348,1406,NA
"NC_071313.1_2000000_2250000.vcf",0.154587075795395,0.631434686861812,0.0238971640029713,-0.658915446778077,0.658915446778077,1113,2751,1702,NA
"NC_071313.1_2125000_2375000.vcf",-0.289071168618333,0.362146365462766,0.0835621405263688,-0.541228791342555,0.541228791342555,1293,3240,1239,NA
"NC_071313.1_2250000_2500000.vcf",-0.436561212427555,0.155921950215422,0.190585692196217,-0.102312175261794,0.102312175261794,1993,2696,567,NA
"NC_071313.1_2375000_2625000.vcf",-0.44017488841177,0.152134576796344,0.193753932388314,0.700196159229893,0.700196159229893,1043,2034,552,NA
"NC_071313.1_250000_500000.vcf",-0.460550096872231,0.131883224858681,0.212106391729021,0.0390540168367678,0.0390540168367678,2104,1496,466,NA
"NC_071313.1_2500000_2750000.vcf",-0.463592793403311,0.12901816915433,0.214918278095485,0.911895455230099,0.911895455230099,759,1639,438,NA
"NC_071313.1_2625000_2875000.vcf",-0.471427099936134,0.121828993938024,0.222243510554193,0.944637322743593,0.944637322743593,720,1605,412,NA
"NC_071313.1_2750000_3000000.vcf",-0.467058123962181,0.12580494431369,0.218143291159072,0.651260966719583,0.651260966719583,1124,1994,426,NA
"NC_071313.1_2875000_3125000.vcf",-0.371483045649574,0.234459390336506,0.137999653205083,-0.499140724440052,0.499140724440052,1359,2077,998,NA
"NC_071313.1_3000000_3250000.vcf",-0.353556747963946,0.259568088734898,0.125002374030841,-0.566810525831744,0.566810525831744,1248,2374,1052,NA
"NC_071313.1_3125000_3375000.vcf",-0.557300174376095,0.0597711821032761,0.310583484359626,-0.170295789460911,0.170295789460911,1869,2608,186,NA
"NC_071313.1_3250000_3500000.vcf",-0.689085560701724,0.013186035131125,0.474838909967609,-0.179419894846892,0.179419894846892,1859,2487,40,NA
"NC_071313.1_3375000_3625000.vcf",-0.252078224118382,0.429294068562561,0.0635434310746771,-0.239294095404248,0.239294095404248,1763,2261,1367,NA
"NC_071313.1_3500000_3750000.vcf",0.0368327506175697,0.909520664172262,0.00135665151805608,-0.647810831618636,0.647810831618636,1133,2334,2046,NA
"NC_071313.1_3625000_3875000.vcf",0.000459051369128097,0.998870303588698,2.1072815949838e-07,-1.00444054549138,1.00444054549138,635,2106,2163,NA
"NC_071313.1_375000_625000.vcf",-0.4127458497718,0.182379198493333,0.170359136503846,-0.144208633339744,0.144208633339744,1920,2332,761,NA
"NC_071313.1_3750000_4000000.vcf",0.0358510928372576,0.911923724589932,0.00128530085762566,-1.38268387919337,1.38268387919337,300,2183,2050,NA
"NC_071313.1_3875000_4125000.vcf",0.0190877178744538,0.953049131060799,0.000364340973654745,-1.19311168901075,1.19311168901075,445,2623,2110,NA
"NC_071313.1_4000000_4250000.vcf",-0.157692168936077,0.62451163598162,0.0248668201437642,-1.01531299241923,1.01531299241923,626,2374,1695,NA
"NC_071313.1_4125000_4375000.vcf",-0.103172519340027,0.749668087593207,0.0106445687469683,-0.895929231399174,0.895929231399174,781,2421,1850,NA
"NC_071313.1_4250000_4500000.vcf",-0.171421263254899,0.594240440229884,0.0293852494959054,-0.601356332668257,0.601356332668257,1195,3023,1655,NA
"NC_071313.1_4375000_4625000.vcf",-0.199186531570793,0.534836814045472,0.0396752743592024,-0.262498399757878,0.262498399757878,1728,3157,1562,NA
"NC_071313.1_4500000_4750000.vcf",-0.347577201656022,0.268277120202651,0.120809911111031,0.570674122211613,0.570674122211613,1242,2039,1069,NA
"NC_071313.1_4625000_4875000.vcf",-0.544925549721658,0.0669294236184561,0.296943854739451,1.71877904583729,1.71877904583729,164,2211,210,NA
"NC_071313.1_4750000_5000000.vcf",-0.574637008677094,0.050663577280265,0.330207691741359,1.86640829352093,1.86640829352093,123,2539,151,NA
"NC_071313.1_4875000_5125000.vcf",-0.549696134176421,0.0641033063059711,0.302165839928502,2.13965362730325,2.13965362730325,74,2227,199,NA
"NC_071313.1_500000_750000.vcf",0.461854500152536,0.130649958215834,0.213309579311149,-0.040381159606312,0.040381159606312,2101,2630,456,NA
"NC_071313.1_5000000_5250000.vcf",0.551299311836902,0.0631724230665587,0.303930931231842,1.41514863105043,1.41514863105043,276,2672,196,NA
"NC_071313.1_5125000_5375000.vcf",0.39131166919615,0.208438860276743,0.153124822449077,0.752144252994584,0.752144252994584,965,2862,927,NA
"NC_071313.1_5250000_5500000.vcf",0.110817101131525,0.731702367743676,0.0122804299031946,0.0686001530056502,0.0686001530056502,2059,2812,1836,NA
"NC_071313.1_5375000_5625000.vcf",0.188556330531755,0.557279588125529,0.0355534897836003,-1.08567869688243,1.08567869688243,554,2645,1590,NA
"NC_071313.1_5500000_5750000.vcf",0.294175839668482,0.353342632717124,0.0865394246446566,-2.19188144525625,2.19188144525625,64,2239,1222,NA
"NC_071313.1_5625000_5875000.vcf",0.0783157289330508,0.80883732025826,0.00613335339831509,-2.0770550486239,2.0770550486239,85,2001,1921,NA
"NC_071313.1_5750000_6000000.vcf",-0.162260710281224,0.614376301796499,0.0263285381009672,-1.20328492309957,1.20328492309957,437,2403,1681,NA
"NC_071313.1_5875000_6125000.vcf",-0.156619596443947,0.626899906974848,0.024529697990265,-0.581490946249492,0.581490946249492,1228,2596,1697,NA
"NC_071313.1_6000000_6250000.vcf",-0.163767009360041,0.611047988962223,0.0268196333547319,-0.162661787878594,0.162661787878594,1882,2373,1676,NA
"NC_071313.1_6125000_6375000.vcf",-0.181204225866545,0.573022656124476,0.0328349714718939,1.13372662042519,1.13372662042519,502,2514,1613,NA
"NC_071313.1_625000_875000.vcf",0.540381094182315,0.0697004731445774,0.292011726949675,-0.275576814369136,0.275576814369136,1708,2846,218,NA
"NC_071313.1_6250000_6500000.vcf",-0.140889951694101,0.662292788127031,0.0198499784883662,1.46286250934666,1.46286250934666,253,3156,1742,NA
"NC_071313.1_6375000_6625000.vcf",-0.0382343253972493,0.906090873835717,0.00146186363858274,1.48752902204494,1.48752902204494,238,3825,2041,NA
"NC_071313.1_6500000_6750000.vcf",0.11852505145347,0.71371212545583,0.0140481878220477,1.37757609691648,1.37757609691648,304,3172,1808,NA
"NC_071313.1_6625000_6875000.vcf",-0.191904259576004,0.550169980622595,0.0368272448434144,1.37244047207673,1.37244047207673,308,1687,1584,NA
"NC_071313.1_6750000_7000000.vcf",-0.341097400100284,0.277902455446887,0.116347436355174,0.186101579100387,0.186101579100387,1848,1593,1080,NA
"NC_071313.1_6875000_7125000.vcf",-0.36823142733674,0.238902193821678,0.135594384078453,-0.0632595856827124,0.0632595856827124,2064,1404,1015,NA
"NC_071313.1_7000000_7250000.vcf",-0.395873582019366,0.202712888853871,0.156715892940844,-1.14227640388789,1.14227640388789,491,545,901,NA
"NC_071313.1_7125000_7375000.vcf",-0.484821663703247,0.110156401924873,0.235052045595985,-0.00693340080114214,0.00693340080114214,2155,999,344,NA
"NC_071313.1_7250000_7500000.vcf",-0.412595963660677,0.182554002763657,0.170235429229083,-0.476931502352976,0.476931502352976,1383,1819,772,NA
"NC_071313.1_7375000_7625000.vcf",-0.249360929406666,0.434451743648901,0.0621808731145561,-0.673705824723122,0.673705824723122,1087,2148,1377,NA
"NC_071313.1_750000_1000000.vcf",0.560916783721509,0.0577839926828067,0.314627638260482,0.0532991888281671,0.0532991888281671,2078,2812,175,NA
"NC_071313.1_7500000_7750000.vcf",-0.40045521651377,0.197060058517002,0.16036438043309,-0.701410269842019,0.701410269842019,1040,1437,873,NA
"NC_071313.1_7625000_7875000.vcf",-0.412729686025238,0.182398044403869,0.170345793726491,-0.807340917636377,0.807340917636377,898,650,762,NA
"NC_071313.1_7750000_8000000.vcf",0.0915511505313483,0.777197277993868,0.0083816131636136,-1.34955791356935,1.34955791356935,320,968,1886,NA
"NC_071313.1_7875000_8125000.vcf",0.054918209413307,0.86539173197844,0.00301600972516384,-1.52917217364207,1.52917217364207,222,1242,1999,NA
"NC_071313.1_8000000_8250000.vcf",0.055718826256513,0.863445471069484,0.00310458759940348,-1.69436881672667,1.69436881672667,177,1633,1994,NA
"NC_071313.1_8125000_8375000.vcf",0.0558973267964928,0.863011639493926,0.00312451114299391,-2.01007507426687,2.01007507426687,91,1182,1992,NA
"NC_071313.1_875000_1125000.vcf",0.505080421003557,0.0939521245870834,0.25510623168113,0.462321619331626,0.462321619331626,1406,3072,269,NA
"NC_071314.1_0_250000.vcf",-0.0590415506514326,0.855375643377949,0.00348590470332569,-1.31215452822646,1.31215452822646,349,2440,1977,NA
"NC_071314.1_1000000_1250000.vcf",-0.224194944137317,0.483612956877354,0.0502633729767345,0.0706196783308926,0.0706196783308926,2053,2624,1473,NA
"NC_071314.1_1125000_1375000.vcf",0.306731697052231,0.332179392405393,0.0940843339765415,0.068959514503442,0.068959514503442,2056,2288,1177,NA
"NC_071314.1_125000_375000.vcf",0.0355768691526642,0.912595135463786,0.00126571361870579,-1.57349934815321,1.57349934815321,212,2851,2052,NA
"NC_071314.1_1250000_1500000.vcf",0.546448598055515,0.0660179970529207,0.298606070316838,0.168766495821803,0.168766495821803,1871,1646,208,NA
"NC_071314.1_1375000_1625000.vcf",0.487228898221591,0.108140396255423,0.237391999262225,-0.935696941591392,0.935696941591392,728,1354,335,NA
"NC_071314.1_1500000_1750000.vcf",0.251744360811578,0.429926154150673,0.0633752232004302,-0.567667461357738,0.567667461357738,1246,2140,1370,NA
"NC_071314.1_1625000_1875000.vcf",-0.501010990226352,0.097069521520749,0.25101201232759,0.250375904195102,0.250375904195102,1743,2534,278,NA
"NC_071314.1_1750000_2000000.vcf",-0.130856160765031,0.685211058442617,0.0171233348101636,0.5310455021766,0.5310455021766,1314,2449,1770,NA
"NC_071314.1_1875000_2125000.vcf",-0.359845368183568,0.250588775264313,0.129488689003167,0.59537848803838,0.59537848803838,1208,2450,1037,NA
"NC_071314.1_2000000_2250000.vcf",-0.203919822033163,0.524969085547251,0.041583293818037,0.241206924920872,0.241206924920872,1760,2492,1547,NA
"NC_071314.1_2125000_2375000.vcf",-0.0286313059775145,0.92961710142896,0.000819751681978055,0.116689266506378,0.116689266506378,1969,2377,2072,NA
"NC_071314.1_2250000_2500000.vcf",0.0105283705999829,0.974094166924761,0.000110846587490585,-0.662888055930676,0.662888055930676,1108,2824,2139,NA
"NC_071314.1_2375000_2625000.vcf",-0.000457663988283389,0.998873717843376,2.09456326171458e-07,-1.31228200861466,1.31228200861466,348,3538,2164,NA
"NC_071314.1_250000_500000.vcf",-0.0153206421690255,0.96230865434973,0.000234722076471321,-1.3036691008879,1.3036691008879,357,2541,2123,NA
"NC_071314.1_2500000_2750000.vcf",-0.0201142360749045,0.950526814816936,0.000404582492876991,-1.73158800139794,1.73158800139794,157,4134,2103,NA
"NC_071314.1_2625000_2875000.vcf",-0.068960718400175,0.831363467063462,0.00475558068226824,-1.9845645809061,1.9845645809061,95,4574,1946,NA
"NC_071314.1_2750000_3000000.vcf",-0.0584338766663783,0.856850559566376,0.00341451794226151,-1.35932644033621,1.35932644033621,316,4143,1983,NA
"NC_071314.1_2875000_3125000.vcf",-0.0177614596109764,0.956308538262289,0.000315469447512345,-1.04864633614565,1.04864633614565,591,3275,2112,NA
"NC_071314.1_3000000_3250000.vcf",-0.0330866222911515,0.918694622718124,0.00109472457463732,-1.05434554110832,1.05434554110832,585,2311,2057,NA
"NC_071314.1_3125000_3375000.vcf",0.114769507115082,0.722461403769277,0.0131720397634389,-1.0322535668225,1.0322535668225,608,2065,1822,NA
"NC_071314.1_3250000_3500000.vcf",0.181633420861658,0.572098771433556,0.0329906995739081,-1.04859604679019,1.04859604679019,592,2143,1611,NA
"NC_071314.1_3375000_3625000.vcf",0.0630712480026554,0.845605912314548,0.00397798232461246,-0.877842908419516,0.877842908419516,809,2040,1968,NA
"NC_071314.1_3500000_3750000.vcf",0.00287286684729767,0.992930132043514,8.25336392230208e-06,-0.216369408976684,0.216369408976684,1805,2332,2157,NA
"NC_071314.1_3625000_3875000.vcf",-0.175721978898833,0.584875643588081,0.0308782138681219,-0.03680311102842,0.03680311102842,2109,2860,1636,NA
"NC_071314.1_375000_625000.vcf",-0.122990952615355,0.703349063067423,0.0151267744252324,-0.67102738941,0.67102738941,1093,2871,1797,NA
"NC_071314.1_3750000_4000000.vcf",-0.234732535480288,0.462726448296115,0.0550993632130049,-0.061655183190819,0.061655183190819,2067,3568,1431,NA
"NC_071314.1_3875000_4125000.vcf",-0.230009511818112,0.47203516502444,0.0529043755268063,-0.0012470046358605,0.0012470046358605,2163,3810,1455,NA
"NC_071314.1_4000000_4250000.vcf",-0.26548564557526,0.404289696372994,0.0704826280065124,0.0689363796171693,0.0689363796171693,2057,3542,1325,NA
"NC_071314.1_4125000_4375000.vcf",-0.25785419330194,0.418430951671026,0.0664887850033941,0.0913850720725926,0.0913850720725926,2014,3210,1351,NA
"NC_071314.1_4250000_4500000.vcf",-0.0899912274206193,0.780911183309559,0.00809842101266963,-0.00375783186296884,0.00375783186296884,2159,3404,1891,NA
"NC_071314.1_4375000_4625000.vcf",-0.0972525562430809,0.763660122473828,0.00945805969581362,-0.12159168298653,0.12159168298653,1962,3023,1876,NA
"NC_071314.1_4500000_4750000.vcf",-0.187318005414537,0.559918758956753,0.0350880351524806,-0.343412174351042,0.343412174351042,1597,2024,1598,NA
"NC_071314.1_4625000_4875000.vcf",-0.227008177564468,0.477995229857954,0.0515327126811408,-0.396416145293209,0.396416145293209,1512,2189,1467,NA
"NC_071314.1_4750000_5000000.vcf",0.245529826905129,0.441774275015241,0.0602848959000624,-0.671786572585193,0.671786572585193,1091,2601,1393,NA
"NC_071314.1_4875000_5125000.vcf",0.444398062646552,0.147783548712295,0.197489638084009,-0.395708630557889,0.395708630557889,1515,2178,535,NA
"NC_071314.1_500000_750000.vcf",-0.143598222968468,0.65615117643536,0.020620449639702,-0.493137576657334,0.493137576657334,1367,3108,1734,NA
"NC_071314.1_5000000_5250000.vcf",0.432181630384298,0.160591838328763,0.18678096164163,-0.00396951394147591,0.00396951394147591,2158,2333,590,NA
"NC_071314.1_5125000_5375000.vcf",-0.305560274886883,0.334124095203258,0.0933670815889476,-0.147076563858454,0.147076563858454,1915,2734,1178,NA
"NC_071314.1_5250000_5500000.vcf",0.350058312544271,0.264643246043688,0.122540822181343,0.0925094246158823,0.0925094246158823,2011,1920,1064,NA
"NC_071314.1_5375000_5625000.vcf",0.282734762867659,0.373233066179458,0.0799389461338314,0.0532038502660798,0.0532038502660798,2079,1684,1267,NA
"NC_071314.1_5500000_5750000.vcf",0.47188240242176,0.121419454616968,0.222673001715332,-0.289431642380533,0.289431642380533,1688,2637,409,NA
"NC_071314.1_5625000_5875000.vcf",-0.415078309505137,0.179672401604403,0.172290003021642,-0.376078208041277,0.376078208041277,1549,3089,677,NA
"NC_071314.1_5750000_6000000.vcf",0.361939318385179,0.247639888990701,0.131000070193128,-0.54949602039607,0.54949602039607,1277,2981,1033,NA
"NC_071314.1_5875000_6125000.vcf",-0.129790522768062,0.687659851988609,0.0168455798004068,-0.853626018363287,0.853626018363287,837,2802,1775,NA
"NC_071314.1_6000000_6250000.vcf",-0.0564516230217226,0.861664687849889,0.00318678574178668,-1.40837778699435,1.40837778699435,282,2656,1990,NA
"NC_071314.1_6125000_6375000.vcf",-0.0848741890488816,0.793123126535117,0.0072036279667053,-1.42216509205331,1.42216509205331,270,2517,1904,NA
"NC_071314.1_625000_875000.vcf",-0.195018814934805,0.543589925051589,0.0380323381785757,-0.459054739078151,0.459054739078151,1410,2846,1575,NA
"NC_071314.1_6250000_6500000.vcf",0.1478492750211,0.646550370837208,0.0218594081242649,-1.10658514929539,1.10658514929539,530,2636,1716,NA
"NC_071314.1_6375000_6625000.vcf",0.0199620500319004,0.950900733996074,0.000398483441476096,-1.3655718923604,1.3655718923604,312,2661,2104,NA
"NC_071314.1_6500000_6750000.vcf",0.0855888285645889,0.791414992655633,0.00732544757505859,-1.41761812481997,1.41761812481997,273,2543,1901,NA
"NC_071314.1_6625000_6875000.vcf",-0.314523385976814,0.319401431066951,0.0989249603263199,-0.541443300434535,0.541443300434535,1292,2793,1162,NA
"NC_071314.1_6750000_7000000.vcf",-0.101061118444391,0.754650739418934,0.0102133496612312,-0.560396999825176,0.560396999825176,1259,3389,1860,NA
"NC_071314.1_6875000_7125000.vcf",-0.0126594055574874,0.968852650186554,0.000160260549068943,-1.25107701323843,1.25107701323843,403,3157,2135,NA
"NC_071314.1_7000000_7250000.vcf",-0.0183947069439773,0.954752192586597,0.000338365243554806,-1.14689442941039,1.14689442941039,487,2556,2111,NA
"NC_071314.1_7125000_7375000.vcf",0.180236303218959,0.575108385912778,0.0324851249980366,-1.22646017680125,1.22646017680125,421,1842,1618,NA
"NC_071314.1_7250000_7500000.vcf",0.590533974960954,0.0432116427104779,0.348730375583184,-0.286525667397988,0.286525667397988,1694,2324,122,NA
"NC_071314.1_7375000_7625000.vcf",0.58580110023901,0.0453432339857877,0.343162929041235,-0.0141874490311701,0.0141874490311701,2143,3161,132,NA
"NC_071314.1_750000_1000000.vcf",-0.301219339139248,0.341384140756646,0.090733090271485,-0.351501600260869,0.351501600260869,1584,3093,1197,NA
"NC_071314.1_7500000_7750000.vcf",0.589997963143987,0.0434494155783271,0.348097596514053,0.0367282094929006,0.0367282094929006,2110,2115,124,NA
"NC_071314.1_7625000_7875000.vcf",0.574982140232926,0.0504928388060894,0.330604461586836,0.212065781335503,0.212065781335503,1816,2031,149,NA
"NC_071314.1_7750000_8000000.vcf",-0.126356186450617,0.6955704808131,0.0159658858543432,0.162001007569699,0.162001007569699,1884,1651,1785,NA
"NC_071314.1_7875000_8125000.vcf",0.467886244925999,0.125044892586396,0.218917538190952,-1.09607044977061,1.09607044977061,545,818,421,NA
"NC_071314.1_8000000_8250000.vcf",0.606009205473405,0.0367372835515354,0.367247157118508,-0.712911395149658,0.712911395149658,1027,609,102,NA
"NC_071314.1_875000_1125000.vcf",-0.281502764433613,0.375408941757838,0.0792438063837663,-0.0768222137346607,0.0768222137346607,2041,3232,1271,NA
"NC_071315.1_0_250000.vcf",0.101140965330692,0.75446215284493,0.0102294948680242,-0.392417304085203,0.392417304085203,1524,2384,1857,NA
"NC_071315.1_1000000_1250000.vcf",-0.377534357426497,0.226323126059629,0.142532191037438,1.10639585831157,1.10639585831157,531,2335,982,NA
"NC_071315.1_1125000_1375000.vcf",-0.669976710970892,0.0171364054541178,0.448868793243375,1.48690519595906,1.48690519595906,239,3506,52,NA
"NC_071315.1_125000_375000.vcf",-0.046345349830252,0.886272991197549,0.00214789145088844,0.351052317762348,0.351052317762348,1585,2717,2020,NA
"NC_071315.1_1250000_1500000.vcf",-0.674904220918558,0.0160441679133103,0.455495707413686,1.85649420136469,1.85649420136469,126,3809,49,NA
"NC_071315.1_1375000_1625000.vcf",-0.676437737957361,0.0157149450740112,0.457568013332871,1.81806028270626,1.81806028270626,137,3123,47,NA
"NC_071315.1_1500000_1750000.vcf",-0.69188060175356,0.0126704750085768,0.478698767082869,0.53584317552649,0.53584317552649,1308,3129,37,NA
"NC_071315.1_1625000_1875000.vcf",-0.646563179813944,0.0230851208648103,0.418043945491118,0.224648185390197,0.224648185390197,1792,3735,69,NA
"NC_071315.1_1750000_2000000.vcf",-0.453886633655663,0.138301295192052,0.20601307621127,0.361125159798463,0.361125159798463,1564,3395,500,NA
"NC_071315.1_1875000_2125000.vcf",-0.30866290006881,0.328986815964483,0.0952727858788882,0.0127801717204572,0.0127801717204572,2149,2673,1169,NA
"NC_071315.1_2000000_2250000.vcf",-0.32205739696004,0.307307544744312,0.103720966936677,-0.115179502930364,0.115179502930364,1970,2591,1138,NA
"NC_071315.1_2125000_2375000.vcf",-0.282907224935075,0.372928999608238,0.0800364979204649,-0.251243607252686,0.251243607252686,1741,2948,1265,NA
"NC_071315.1_2250000_2500000.vcf",-0.492476592045771,0.103830871685439,0.242533193713017,0.310762842452057,0.310762842452057,1653,3039,313,NA
"NC_071315.1_2375000_2625000.vcf",-0.579125691734961,0.0484744401037512,0.335386566827497,1.20522614926252,1.20522614926252,435,1711,143,NA
"NC_071315.1_250000_500000.vcf",0.71591149655977,0.00883137511002862,0.51252927090645,1.6508759242729,1.6508759242729,192,2978,28,NA
"NC_071315.1_2500000_2750000.vcf",-0.645417334757207,0.0234102062563079,0.416563536005096,1.31751388669436,1.31751388669436,344,1836,70,NA
"NC_071315.1_2625000_2875000.vcf",-0.644082483299973,0.0237930938041244,0.41484224529386,1.10130232703588,1.10130232703588,539,2786,71,NA
"NC_071315.1_2750000_3000000.vcf",-0.639618443865299,0.025106612612551,0.409111753732667,1.32503537927367,1.32503537927367,338,2533,73,NA
"NC_071315.1_2875000_3125000.vcf",-0.345471026652683,0.2713843238074,0.119350230256459,0.656997903607396,0.656997903607396,1116,3145,1073,NA
"NC_071315.1_3000000_3250000.vcf",-0.272289816008575,0.391887431502084,0.0741417439019837,0.282745156757792,0.282745156757792,1699,3670,1298,NA
"NC_071315.1_3125000_3375000.vcf",-0.555535948547194,0.0607575895208385,0.308620190128231,0.0387056060645864,0.0387056060645864,2105,3327,189,NA
"NC_071315.1_3250000_3500000.vcf",-0.570529913591491,0.0527265925815892,0.325504382302714,0.184921997243894,0.184921997243894,1852,2717,158,NA
"NC_071315.1_3375000_3625000.vcf",-0.473712075524464,0.119782799806296,0.224403130497696,1.86123221868566,1.86123221868566,124,2388,396,NA
"NC_071315.1_3500000_3750000.vcf",-0.476161515914396,0.117614555190011,0.226729789237896,2.49665746311174,2.49665746311174,49,2564,381,NA
"NC_071315.1_3625000_3875000.vcf",-0.574679850605372,0.0506423611406287,0.330256930691813,1.83501853882018,1.83501853882018,133,2715,150,NA
"NC_071315.1_375000_625000.vcf",0.78640647006629,0.00241539965792791,0.618435136162123,2.23023743835002,2.23023743835002,61,3274,15,NA
"NC_071315.1_3750000_4000000.vcf",-0.629677007773021,0.0282195231723973,0.396493134117986,2.14307175660925,2.14307175660925,73,3833,82,NA
"NC_071315.1_3875000_4125000.vcf",-0.66408005080473,0.0185140655295733,0.441002313876813,2.64039900023111,2.64039900023111,38,4003,54,NA
"NC_071315.1_4000000_4250000.vcf",-0.735807539324208,0.00637401247482874,0.541412734926345,2.62370676982287,2.62370676982287,39,3672,22,"Top 2% (both)"
"NC_071315.1_4125000_4375000.vcf",-0.809797916649404,0.00141074914754898,0.655772665809716,2.75958430723474,2.75958430723474,31,3719,6,"Top 2% (both)"
"NC_071315.1_4250000_4500000.vcf",-0.727222264708762,0.00736114620561912,0.528852222288141,2.26723771179219,2.26723771179219,59,3239,26,NA
"NC_071315.1_4375000_4625000.vcf",-0.654084333999397,0.0210321896607529,0.427826315983434,2.14473418499465,2.14473418499465,72,3316,62,NA
"NC_071315.1_4500000_4750000.vcf",-0.653689101976782,0.0211366253522683,0.427309442043211,1.93489773770278,1.93489773770278,106,2955,63,NA
"NC_071315.1_4625000_4875000.vcf",-0.673660731317729,0.0163148277465402,0.453818780919537,2.09204310333036,2.09204310333036,83,2470,50,NA
"NC_071315.1_4750000_5000000.vcf",-0.666184944718815,0.0180133139584582,0.44380238057001,2.35060689716108,2.35060689716108,55,2632,53,NA
"NC_071315.1_4875000_5125000.vcf",-0.64872482710777,0.0224807973417136,0.420843901306006,2.02062213744557,2.02062213744557,89,3109,68,NA
"NC_071315.1_500000_750000.vcf",0.708039476444123,0.00997685842029922,0.501319900203268,1.69123728833933,1.69123728833933,179,3181,30,NA
"NC_071315.1_5000000_5250000.vcf",-0.66216925044972,0.018977400981259,0.438468116241144,1.71384855787587,1.71384855787587,166,3279,56,NA
"NC_071315.1_5125000_5375000.vcf",-0.703036958827698,0.0107600832789781,0.494260965477698,1.97830488699937,1.97830488699937,96,3415,31,NA
"NC_071315.1_5250000_5500000.vcf",-0.805878701402879,0.00155124743374895,0.649440481374791,2.74142968767296,2.74142968767296,33,3988,8,"Top 2% (both)"
"NC_071315.1_5375000_5625000.vcf",-0.734925945069825,0.00647050942656676,0.540116144736775,2.39886220938287,2.39886220938287,54,3968,23,NA
"NC_071315.1_5500000_5750000.vcf",-0.675405319289017,0.0159360370743926,0.456172345323899,1.33556499625172,1.33556499625172,329,4271,48,NA
"NC_071315.1_5625000_5875000.vcf",-0.42105731457988,0.172848877654729,0.17728926216122,1.90351632491142,1.90351632491142,113,5018,645,NA
"NC_071315.1_5750000_6000000.vcf",0.238894382164939,0.454595811256368,0.057070525829968,-0.0190493959489435,0.0190493959489435,2138,4444,1417,NA
"NC_071315.1_5875000_6125000.vcf",0.0694701254699047,0.830133699346198,0.0048260983328043,-1.58103035895137,1.58103035895137,211,3862,1945,NA
"NC_071315.1_6000000_6250000.vcf",0.230844948865876,0.470382302441112,0.0532893904168887,-1.16840038556862,1.16840038556862,465,3510,1448,NA
"NC_071315.1_6125000_6375000.vcf",-0.391004094624302,0.208828421256072,0.15288420201297,-0.847200307440907,0.847200307440907,847,1830,929,NA
"NC_071315.1_625000_875000.vcf",-0.548402929437143,0.0648610895716048,0.30074577301524,0.758257313152554,0.758257313152554,960,2451,204,NA
"NC_071315.1_6250000_6500000.vcf",0.408450252746216,0.187430277958892,0.166831608968448,-2.71917894553902,2.71917894553902,34,1433,832,NA
"NC_071315.1_6375000_6625000.vcf",0.145037009057787,0.652896309436993,0.0210357339964286,-1.36607733827502,1.36607733827502,311,2449,1727,NA
"NC_071315.1_6500000_6750000.vcf",-0.341852835838098,0.276770270608893,0.11686336137055,-0.715672689462939,0.715672689462939,1021,2075,1079,NA
"NC_071315.1_6625000_6875000.vcf",-0.134567175262604,0.676705106288994,0.0181083246581565,-1.34427434302548,1.34427434302548,324,1158,1756,NA
"NC_071315.1_6750000_7000000.vcf",-0.413123033423029,0.18193977031218,0.170670640744645,-0.816668587229672,0.816668587229672,888,728,727,NA
"NC_071315.1_6875000_7125000.vcf",-0.413368156394035,0.181654549905166,0.170873232720603,-0.449096593196711,0.449096593196711,1423,688,712,NA
"NC_071315.1_750000_1000000.vcf",-0.495194231007556,0.101644763243629,0.245217326423165,0.312154789519649,0.312154789519649,1650,1827,294,NA
"NC_071315.1_875000_1125000.vcf",-0.388349081225688,0.212209555963567,0.150815008888836,0.293847921921929,0.293847921921929,1681,1783,940,NA
"NC_071316.1_0_250000.vcf",-0.242838034962875,0.446954447465062,0.0589703112246303,-0.677869078186266,0.677869078186266,1078,504,1401,NA
"NC_071316.1_1000000_1250000.vcf",0.352560668526886,0.261007286855746,0.124299024992125,-0.856586657642138,0.856586657642138,836,3233,1056,NA
"NC_071316.1_1125000_1375000.vcf",-0.641697220458392,0.0244885726298423,0.411775322744026,-1.10766928555643,1.10766928555643,526,3514,72,NA
"NC_071316.1_125000_375000.vcf",0.0226153965561831,0.94438285858108,0.000511456161393418,-1.00183222143482,1.00183222143482,642,732,2093,NA
"NC_071316.1_1250000_1500000.vcf",-0.545078647099432,0.0668374163339446,0.297110731523747,-0.825129355976472,0.825129355976472,877,3473,209,NA
"NC_071316.1_1375000_1625000.vcf",-0.394623805824239,0.204271890668292,0.155727948123206,-0.60046321033033,0.60046321033033,1199,2750,910,NA
"NC_071316.1_1500000_1750000.vcf",0.485384839938082,0.109682539636612,0.235598442841718,-0.64327470099473,0.64327470099473,1143,1773,341,NA
"NC_071316.1_1625000_1875000.vcf",-0.488419551701863,0.107152369191082,0.238553658484649,0.0194409496413185,0.0194409496413185,2136,1540,330,NA
"NC_071316.1_1750000_2000000.vcf",-0.493260634989812,0.103196989052534,0.243306054030552,0.323247496372425,0.323247496372425,1635,1540,309,NA
"NC_071316.1_1875000_2125000.vcf",-0.484666609936499,0.110287103600206,0.234901722787338,0.333873923014481,0.333873923014481,1617,1809,345,NA
"NC_071316.1_2000000_2250000.vcf",-0.490628767317218,0.105335053005566,0.240716587319213,0.296775570998042,0.296775570998042,1675,1834,325,NA
"NC_071316.1_2125000_2375000.vcf",-0.491602670786472,0.10454047196293,0.241673185924392,0.41515439417633,0.41515439417633,1484,1439,317,NA
"NC_071316.1_2250000_2500000.vcf",-0.483573960772457,0.111211060513455,0.233843775537162,0.0951612533225976,0.0951612533225976,2006,1262,348,NA
"NC_071316.1_2375000_2625000.vcf",-0.0102651558073374,0.974741642038624,0.000105373423748912,-0.472991397315943,0.472991397315943,1388,1574,2140,NA
"NC_071316.1_250000_500000.vcf",-0.501326191006414,0.0968256163941515,0.251327949788999,-0.172925240858606,0.172925240858606,1864,906,277,NA
"NC_071316.1_2500000_2750000.vcf",-0.0968898017179313,0.764519663659578,0.00938763367694004,-0.663237610408091,0.663237610408091,1107,2071,1877,NA
"NC_071316.1_2625000_2875000.vcf",-0.174542971549857,0.587437183128157,0.0304652489174543,-0.80376043270134,0.80376043270134,904,2041,1644,NA
"NC_071316.1_2750000_3000000.vcf",-0.175703313903681,0.584916161566761,0.0308716545167355,-0.805561897472748,0.805561897472748,900,2121,1637,NA
"NC_071316.1_2875000_3125000.vcf",-0.17651913456486,0.583146202887402,0.031159004867527,-0.834406262357661,0.834406262357661,870,2114,1632,NA
"NC_071316.1_3000000_3250000.vcf",-0.177004412927493,0.582094367433772,0.0313305621958063,-0.782487940822317,0.782487940822317,927,2271,1628,NA
"NC_071316.1_3125000_3375000.vcf",-0.176626474957691,0.582913479616688,0.0311969116559798,-0.821374293483777,0.821374293483777,879,2031,1631,NA
"NC_071316.1_3250000_3500000.vcf",-0.171619406478099,0.593807720655803,0.029453220679895,-0.857394609043428,0.857394609043428,831,1914,1654,NA
"NC_071316.1_3375000_3625000.vcf",-0.238816054446721,0.454748205082799,0.0570331078614991,-0.560693910083712,0.560693910083712,1257,1947,1419,NA
"NC_071316.1_3500000_3750000.vcf",-0.40149082135665,0.195795906487058,0.161194879633637,0.325853870837953,0.325853870837953,1630,1728,867,NA
"NC_071316.1_3625000_3875000.vcf",0.38442996055197,0.217260836607964,0.147786394569989,0.30359031316267,0.30359031316267,1662,1749,958,NA
"NC_071316.1_375000_625000.vcf",-0.548561507714721,0.0647678353262594,0.300919727746248,0.979242541702807,0.979242541702807,678,2079,203,NA
"NC_071316.1_3750000_4000000.vcf",0.174680568117816,0.58713801270002,0.0305133008779629,-0.435599583802177,0.435599583802177,1451,1986,1643,NA
"NC_071316.1_3875000_4125000.vcf",-0.380603136417144,0.222262584581483,0.144858747450567,-0.273937924135816,0.273937924135816,1711,2524,970,NA
"NC_071316.1_4000000_4250000.vcf",-0.450900589806737,0.141241712642315,0.203311341888063,-0.0745934000607285,0.0745934000607285,2045,2060,509,NA
"NC_071316.1_4125000_4375000.vcf",-0.43937021046417,0.152972792573439,0.193046181843329,0.0779459285377171,0.0779459285377171,2039,1126,559,NA
"NC_071316.1_4250000_4500000.vcf",-0.427882458700126,0.165261349242198,0.183083398463265,0.397296708053521,0.397296708053521,1510,1783,606,NA
"NC_071316.1_4375000_4625000.vcf",-0.439978706806017,0.152338663796545,0.193581262442695,0.461545940327431,0.461545940327431,1408,2947,554,NA
"NC_071316.1_4500000_4750000.vcf",-0.479578366189933,0.114633377377916,0.229995409317406,0.312850994276145,0.312850994276145,1649,3465,363,NA
"NC_071316.1_4625000_4875000.vcf",-0.407254102443377,0.188852066996801,0.165855903956961,0.068076166081752,0.068076166081752,2060,3059,840,NA
"NC_071316.1_4750000_5000000.vcf",-0.476350871435482,0.117448021888058,0.226910152717343,0.0908736757974759,0.0908736757974759,2015,1635,380,NA
"NC_071316.1_4875000_5125000.vcf",-0.397551980607924,0.200630697324703,0.158047577285283,0.101954450908519,0.101954450908519,1994,1190,889,NA
"NC_071316.1_500000_750000.vcf",0.602886352783653,0.0379840215504707,0.363471954372775,1.77134651765441,1.77134651765441,146,3126,105,NA
"NC_071316.1_5000000_5250000.vcf",-0.312504351107661,0.322686238382236,0.09765896946122,-0.639694785133794,0.639694785133794,1150,2140,1167,NA
"NC_071316.1_5125000_5375000.vcf",-0.25477511596253,0.42420487390013,0.0649103597137208,-0.945647038872588,0.945647038872588,718,2675,1359,NA
"NC_071316.1_5250000_5500000.vcf",0.076799181513451,0.8124804555587,0.005898114281136,-1.20944616452863,1.20944616452863,428,1573,1927,NA
"NC_071316.1_5375000_5625000.vcf",-0.475755833736092,0.117971865438824,0.226343613333924,0.513080965477292,0.513080965477292,1339,1714,383,NA
"NC_071316.1_5500000_5750000.vcf",-0.493577206441228,0.102941780745709,0.243618458718327,0.40706265069714,0.40706265069714,1498,2553,301,NA
"NC_071316.1_5625000_5875000.vcf",-0.473199074405951,0.120240211426089,0.223917364018648,0.0179930809770543,0.0179930809770543,2140,1701,400,NA
"NC_071316.1_5750000_6000000.vcf",-0.101209783771732,0.754299623708984,0.0102434203311207,-0.90037914931879,0.90037914931879,776,876,1856,NA
"NC_071316.1_5875000_6125000.vcf",0.372239721022611,0.233432620551273,0.138562409906991,-1.00240149034908,1.00240149034908,641,589,995,NA
"NC_071316.1_6000000_6250000.vcf",-0.0854037131764529,0.791857375592678,0.00729379422432584,-0.791384079127348,0.791384079127348,916,461,1902,NA
"NC_071316.1_6125000_6375000.vcf",0.178341839725885,0.579199375336189,0.0318058117968134,1.4051959728801,1.4051959728801,284,1022,1623,NA
"NC_071316.1_625000_875000.vcf",0.511525066893378,0.089154196812975,0.261657894060275,1.25839214808611,1.25839214808611,394,2830,258,NA
"NC_071316.1_6250000_6500000.vcf",-0.0155437618055697,0.961760093754641,0.000241608531068287,0.0360649556187689,0.0360649556187689,2112,2332,2122,NA
"NC_071316.1_6375000_6625000.vcf",0.20913290952584,0.514192781003348,0.0437365738467431,-0.513437538419885,0.513437538419885,1338,2735,1517,NA
"NC_071316.1_6500000_6750000.vcf",0.107137474871667,0.740335097734017,0.0114784385218771,-0.606979528252614,0.606979528252614,1184,1566,1839,NA
"NC_071316.1_6625000_6875000.vcf",-0.128490534986136,0.690650903780214,0.0165098175810235,-0.877575284315798,0.877575284315798,811,892,1778,NA
"NC_071316.1_6750000_7000000.vcf",0.394877520594593,0.203954809878245,0.155928256270933,-0.0410326475329212,0.0410326475329212,2098,905,908,NA
"NC_071316.1_750000_1000000.vcf",-0.512849126275326,0.0881893826179604,0.263014226321365,0.0741158257312021,0.0741158257312021,2047,2078,255,NA
"NC_071316.1_875000_1125000.vcf",0.401030582020368,0.196357098072005,0.160825527715595,-0.397918629309002,0.397918629309002,1508,2284,868,NA
"NC_071317.1_0_250000.vcf",0.368611403948127,0.238380463017798,0.135874367120609,-0.669096734726956,0.669096734726956,1095,2828,1012,NA
"NC_071317.1_1000000_1250000.vcf",-0.441438434839492,0.150824301044364,0.194867891753541,0.110321264846558,0.110321264846558,1980,1486,544,NA
"NC_071317.1_1125000_1375000.vcf",-0.121129113574313,0.707663915105247,0.0146722621552987,-0.151504110136729,0.151504110136729,1900,2401,1800,NA
"NC_071317.1_125000_375000.vcf",0.440417505065749,0.151882425337412,0.193967578768339,-0.923366013890297,0.923366013890297,744,2638,549,NA
"NC_071317.1_1250000_1500000.vcf",-0.234126827449748,0.46391541488607,0.054815371331684,-0.342089484355056,0.342089484355056,1601,3166,1432,NA
"NC_071317.1_1375000_1625000.vcf",0.41696416599288,0.17750231700554,0.173859115722138,-0.146477478611348,0.146477478611348,1916,2993,663,NA
"NC_071317.1_1500000_1750000.vcf",0.0845487050484389,0.793901376718005,0.00714848352536791,-0.288211045318769,0.288211045318769,1691,3019,1905,NA
"NC_071317.1_1625000_1875000.vcf",0.127523600247697,0.692878296347996,0.0162622686201343,-0.787489814026218,0.787489814026218,924,2751,1783,NA
"NC_071317.1_1750000_2000000.vcf",0.267217194139807,0.401114984620424,0.0714050288439514,-0.43768300326318,0.43768300326318,1443,2731,1320,NA
"NC_071317.1_1875000_2125000.vcf",0.162915609180556,0.612928414484705,0.0265414957146715,-0.0785940254921552,0.0785940254921552,2038,2762,1677,NA
"NC_071317.1_2000000_2250000.vcf",0.198313551310324,0.536665299636601,0.0393282646333124,-0.189045618800733,0.189045618800733,1843,2736,1571,NA
"NC_071317.1_2125000_2375000.vcf",0.128741948839918,0.690072124723544,0.0165744893911001,-0.606716675349498,0.606716675349498,1185,2457,1776,NA
"NC_071317.1_2250000_2500000.vcf",0.125501959777895,0.697542469635639,0.0157507419080923,-0.882017753066897,0.882017753066897,802,1972,1788,NA
"NC_071317.1_2375000_2625000.vcf",0.124678438329934,0.699445202856123,0.0155447129843911,-0.816475948981404,0.816475948981404,889,2145,1793,NA
"NC_071317.1_250000_500000.vcf",-0.443543024863979,0.148657949390314,0.196730414905489,-0.866530287815285,0.866530287815285,820,1925,538,NA
"NC_071317.1_2500000_2750000.vcf",0.125889482598906,0.69664765655587,0.0158481618290204,-0.821074578802718,0.821074578802718,880,2427,1786,NA
"NC_071317.1_2625000_2875000.vcf",0.229450428904516,0.473142777410012,0.0526474993244665,-0.92108455381005,0.92108455381005,747,1855,1457,NA
"NC_071317.1_2750000_3000000.vcf",0.409037837976037,0.186734289640271,0.167311952896111,-0.630305833484106,0.630305833484106,1159,1092,829,NA
"NC_071317.1_2875000_3125000.vcf",-0.412494953911428,0.18267186391307,0.170152087002391,-0.129973200313855,0.129973200313855,1950,638,777,NA
"NC_071317.1_3000000_3250000.vcf",-0.413755385124965,0.181204545854112,0.171193518719908,-0.427084828281627,0.427084828281627,1468,510,698,NA
"NC_071317.1_3125000_3375000.vcf",-0.413680157046597,0.181291915050881,0.171131272334098,-0.701312090357799,0.701312090357799,1041,570,700,NA
"NC_071317.1_3250000_3500000.vcf",-0.412578871298344,0.182573943307037,0.170221325041816,-0.733074424682297,0.733074424682297,987,610,773,NA
"NC_071317.1_3375000_3625000.vcf",-0.412713131153558,0.182417347598377,0.170332128626574,-0.558467021880726,0.558467021880726,1263,520,765,NA
"NC_071317.1_3500000_3750000.vcf",-0.41218702726899,0.183031453995198,0.169898145448847,-0.668989170114055,0.668989170114055,1096,605,789,NA
"NC_071317.1_3625000_3875000.vcf",-0.412409193207812,0.182771969195137,0.170081342642318,-0.509473783548545,0.509473783548545,1344,760,782,NA
"NC_071317.1_375000_625000.vcf",-0.423124542511278,0.170528083158945,0.179034378475378,-0.593162977774841,0.593162977774841,1211,1423,630,NA
"NC_071317.1_3750000_4000000.vcf",-0.412909285165367,0.182188711218009,0.170494077775775,-0.395485848298787,0.395485848298787,1516,718,746,NA
"NC_071317.1_3875000_4125000.vcf",-0.412840204622102,0.182269210874098,0.170437034552419,-0.69443077875654,0.69443077875654,1056,678,754,NA
"NC_071317.1_4000000_4250000.vcf",-0.412998049752931,0.182085306221347,0.170567389099724,-0.8654247057976,0.8654247057976,823,702,735,NA
"NC_071317.1_4125000_4375000.vcf",-0.412968015151621,0.182120290494943,0.170542581538269,-0.905290599794267,0.905290599794267,767,670,741,NA
"NC_071317.1_4250000_4500000.vcf",-0.412982445029552,0.182103482065182,0.170554499902587,-0.810005990969203,0.810005990969203,892,768,737,NA
"NC_071317.1_4375000_4625000.vcf",-0.439740805360435,0.15258638634996,0.193371975899044,0.342138464525091,0.342138464525091,1600,1142,556,NA
"NC_071317.1_4500000_4750000.vcf",-0.465135641646972,0.127581029940557,0.21635116513034,0.74810062754717,0.74810062754717,969,1206,431,NA
"NC_071317.1_4625000_4875000.vcf",-0.480551967025014,0.113793142564916,0.230930193011611,0.697514325044292,0.697514325044292,1049,1057,359,NA
"NC_071317.1_4750000_5000000.vcf",0.652005786173879,0.0215856613998418,0.425111545204218,0.911614344304392,0.911614344304392,760,2367,64,NA
"NC_071317.1_4875000_5125000.vcf",0.654099729413919,0.021028129222457,0.427846456019363,-0.159274796217694,0.159274796217694,1887,3330,61,NA
"NC_071317.1_500000_750000.vcf",0.422146228067195,0.171623940905679,0.178207437871361,1.48468189176058,1.48468189176058,241,1705,639,NA
"NC_071317.1_5000000_5250000.vcf",0.628713599798327,0.0285353034299344,0.39528079057137,-1.1596079130756,1.1596079130756,475,2770,84,NA
"NC_071317.1_5125000_5375000.vcf",0.621768636684405,0.0308875462558282,0.386596237564383,-0.963143707358466,0.963143707358466,697,2078,88,NA
"NC_071317.1_5250000_5500000.vcf",0.185542015830628,0.563712684491815,0.0344258396384932,-0.588539909223074,0.588539909223074,1218,2785,1604,NA
"NC_071317.1_5375000_5625000.vcf",0.170951068130241,0.595267771198971,0.0292242676948702,-0.89134626516645,0.89134626516645,785,4135,1658,NA
"NC_071317.1_5500000_5750000.vcf",-0.0732979549462786,0.82090423780381,0.00537259019930668,-0.908828378957705,0.908828378957705,765,3523,1940,NA
"NC_071317.1_5625000_5875000.vcf",-0.363341205453661,0.245677084901269,0.13201683158052,-0.98834898497873,0.98834898497873,666,2196,1029,NA
"NC_071317.1_5750000_6000000.vcf",0.368648799852045,0.238329152729029,0.135901937632353,-0.991803713692023,0.991803713692023,658,1215,1011,NA
"NC_071317.1_5875000_6125000.vcf",-0.412384209143696,0.182801138585275,0.170060735951071,-1.48297828338852,1.48297828338852,243,788,783,NA
"NC_071317.1_6000000_6250000.vcf",-0.414992774364725,0.179771218787238,0.172219002774932,-1.37333697745552,1.37333697745552,307,998,679,NA
"NC_071317.1_6125000_6375000.vcf",-0.426989493802539,0.166241872269844,0.182320027817748,-0.869899014881163,0.869899014881163,819,1598,612,NA
"NC_071317.1_625000_875000.vcf",0.43297625986533,0.159738028119323,0.187468441606969,2.4411178082278,2.4411178082278,53,2524,584,NA
"NC_071317.1_6250000_6500000.vcf",-0.374176646388373,0.23081653312055,0.14000816270245,-0.744860816913628,0.744860816913628,973,2294,989,NA
"NC_071317.1_6375000_6625000.vcf",-0.194392750786569,0.544909948234824,0.0377885415583693,-0.86100808915385,0.86100808915385,826,2950,1576,NA
"NC_071317.1_6500000_6750000.vcf",-0.174176768268853,0.588233692301675,0.0303375466045816,-0.851588135950815,0.851588135950815,839,3236,1647,NA
"NC_071317.1_6625000_6875000.vcf",-0.398069725968364,0.199991047721938,0.158459506732529,-0.878044446879466,0.878044446879466,808,2300,883,NA
"NC_071317.1_6750000_7000000.vcf",-0.413721120001218,0.181244337798237,0.171165165135062,-1.39410055372464,1.39410055372464,292,1010,699,NA
"NC_071317.1_750000_1000000.vcf",0.439124096470464,0.153229751885455,0.192829972101001,1.39079503378999,1.39079503378999,293,2658,560,NA
"NC_071317.1_875000_1125000.vcf",-0.434016427235375,0.158624756565138,0.188370259110159,-0.276450464980708,0.276450464980708,1705,2169,579,NA
"NC_071318.1_0_250000.vcf",-0.128544032340979,0.690527734936109,0.0165235682504786,-1.59770145187646,1.59770145187646,204,2062,1777,NA
"NC_071318.1_1000000_1250000.vcf",0.358641237276341,0.252293819635302,0.128623537075104,1.30226754285599,1.30226754285599,360,2281,1039,NA
"NC_071318.1_1125000_1375000.vcf",0.161739176417456,0.615530243004641,0.0261595611881969,0.310320405132115,0.310320405132115,1654,2524,1683,NA
"NC_071318.1_125000_375000.vcf",-0.353500880568734,0.259648687004752,0.12496287256287,-1.65205282637044,1.65205282637044,190,2040,1053,NA
"NC_071318.1_1250000_1500000.vcf",0.180408389664693,0.574737344705387,0.0325471870614077,-0.384073287967492,0.384073287967492,1537,2655,1617,NA
"NC_071318.1_1375000_1625000.vcf",-0.145291743556921,0.652320617549714,0.0211096907458101,-0.558525432047699,0.558525432047699,1262,2721,1725,NA
"NC_071318.1_1500000_1750000.vcf",0.0465571766861776,0.885756183224852,0.00216757070098796,-0.498260179870831,0.498260179870831,1360,2989,2019,NA
"NC_071318.1_1625000_1875000.vcf",0.133011582135423,0.680266498771677,0.0176920809821683,-0.547658425785527,0.547658425785527,1282,1973,1763,NA
"NC_071318.1_1750000_2000000.vcf",-0.0166485792709558,0.959044024741854,0.000277175191741301,-1.4367755118926,1.4367755118926,262,1842,2116,NA
"NC_071318.1_1875000_2125000.vcf",-0.0228672249413499,0.943764405707563,0.000522909976518297,-1.48057165955559,1.48057165955559,244,2890,2091,NA
"NC_071318.1_2000000_2250000.vcf",-0.103047396879349,0.749963118753703,0.0106187660036101,-1.46112180137886,1.46112180137886,254,3052,1851,NA
"NC_071318.1_2125000_2375000.vcf",-0.167683582655808,0.602425629367661,0.0281177838922872,-0.485075988167183,0.485075988167183,1378,2412,1666,NA
"NC_071318.1_2250000_2500000.vcf",0.485855446556157,0.109287604676229,0.236055514948283,1.45621953876059,1.45621953876059,257,2801,340,NA
"NC_071318.1_2375000_2625000.vcf",0.512647666388592,0.0883357246537092,0.262807629853669,1.972700787225,1.972700787225,99,3491,256,NA
"NC_071318.1_250000_500000.vcf",-0.412758215500845,0.18236478165055,0.170369344463442,-1.61234561389553,1.61234561389553,199,841,759,NA
"NC_071318.1_2500000_2750000.vcf",0.493302790237444,0.103162980705136,0.243347642856047,1.41913146194905,1.41913146194905,272,3394,308,NA
"NC_071318.1_2625000_2875000.vcf",-0.486308100019214,0.108908627218543,0.236495568144298,0.0963529857947604,0.0963529857947604,2003,2589,339,NA
"NC_071318.1_2750000_3000000.vcf",0.111511446332911,0.730076538072255,0.0124348026632576,-0.73069697099388,0.73069697099388,991,1668,1834,NA
"NC_071318.1_2875000_3125000.vcf",0.11200048948729,0.728932040682701,0.0125441096453925,-0.383428387775988,0.383428387775988,1538,2300,1829,NA
"NC_071318.1_3000000_3250000.vcf",-0.0652839675320877,0.840249716383076,0.00426199641673068,-0.688057731974039,0.688057731974039,1061,3139,1957,NA
"NC_071318.1_3125000_3375000.vcf",-0.119870472685933,0.710585329162928,0.0143689302219489,-0.71673048955283,0.71673048955283,1018,2466,1806,NA
"NC_071318.1_3250000_3500000.vcf",0.0633244831228296,0.84499261313784,0.00400999016277353,-1.85111691216654,1.85111691216654,130,1881,1967,NA
"NC_071318.1_3375000_3625000.vcf",0.241423202534694,0.449688783663569,0.058285162722108,-2.16575919345305,2.16575919345305,66,2418,1407,NA
"NC_071318.1_3500000_3750000.vcf",0.372470976579151,0.233119353725723,0.138734628393826,-1.85193930044805,1.85193930044805,129,1976,994,NA
"NC_071318.1_3625000_3875000.vcf",0.387463550647305,0.213344609526607,0.150128003080216,-1.10899416570807,1.10899416570807,525,710,944,NA
"NC_071318.1_375000_625000.vcf",-0.413046567391508,0.182028801765556,0.170607466833907,-1.4264511120422,1.4264511120422,268,834,731,NA
"NC_071318.1_3750000_4000000.vcf",0.501762771008745,0.0964884665956414,0.251765878370375,-0.0247698760160943,0.0247698760160943,2124,385,276,NA
"NC_071318.1_3875000_4125000.vcf",0.223755661106235,0.48449286592371,0.0500665958770881,-0.646007356296131,0.646007356296131,1135,663,1474,NA
"NC_071318.1_4000000_4250000.vcf",0.470971096764861,0.122240070790798,0.221813773987896,-1.2679046024768,1.2679046024768,390,1461,415,NA
"NC_071318.1_4125000_4375000.vcf",-0.19365389181942,0.546469512262096,0.0375018298168077,-1.01540269351707,1.01540269351707,625,2498,1578,NA
"NC_071318.1_4250000_4500000.vcf",0.112704619284288,0.72728507292811,0.0127023312080163,-1.09029402378723,1.09029402378723,549,3008,1827,NA
"NC_071318.1_4375000_4625000.vcf",0.137408185041773,0.67021657380811,0.0188810093164741,-1.13925232711785,1.13925232711785,494,2809,1747,NA
"NC_071318.1_4500000_4750000.vcf",0.0108707104792762,0.973252075632353,0.000118172346324245,-1.07042373518693,1.07042373518693,567,2788,2138,NA
"NC_071318.1_4625000_4875000.vcf",0.0109978629963304,0.972939310856226,0.000120952990486054,-1.11999079831031,1.11999079831031,514,3426,2137,NA
"NC_071318.1_4750000_5000000.vcf",0.0286198002303158,0.929645323660194,0.000819092965223184,-1.05115818146072,1.05115818146072,587,3563,2073,NA
"NC_071318.1_4875000_5125000.vcf",0.0102278783139219,0.974833341099578,0.000104609494804394,-0.92169878529802,0.92169878529802,746,3001,2141,NA
"NC_071318.1_500000_750000.vcf",-0.412816660593024,0.182296651824273,0.170417595263176,-1.40004694067353,1.40004694067353,286,895,755,NA
"NC_071318.1_5000000_5250000.vcf",0.0895531845701589,0.781954846661593,0.00801977286665695,-0.630066769168829,0.630066769168829,1160,2821,1893,NA
"NC_071318.1_5125000_5375000.vcf",0.149009598514411,0.64393833384679,0.0222038604494259,-0.736408631310672,0.736408631310672,982,3130,1714,NA
"NC_071318.1_5250000_5500000.vcf",0.0202690369324453,0.950146480469907,0.000410833858168833,-1.25341228665338,1.25341228665338,400,3120,2102,NA
"NC_071318.1_5375000_5625000.vcf",0.022060830990729,0.945744887680192,0.000486680264001507,-1.45701259758721,1.45701259758721,256,2539,2096,NA
"NC_071318.1_5500000_5750000.vcf",0.0612544572121911,0.850008207844664,0.00375210852836015,-1.03627985429574,1.03627985429574,603,2368,1970,NA
"NC_071318.1_5625000_5875000.vcf",0.143646988276636,0.656040767744252,0.0206344572409481,-0.695257975847017,0.695257975847017,1055,2602,1733,NA
"NC_071318.1_5750000_6000000.vcf",0.0638393567695613,0.843745906833691,0.00407546347275133,-0.949072578854344,0.949072578854344,713,2476,1963,NA
"NC_071318.1_5875000_6125000.vcf",-0.167264058488911,0.603347007170827,0.0279772652621818,-1.54004578062913,1.54004578062913,218,1635,1667,NA
"NC_071318.1_6000000_6250000.vcf",-0.344644542777707,0.272609252069077,0.118779860866455,-1.61292169192607,1.61292169192607,198,1802,1076,NA
"NC_071318.1_6125000_6375000.vcf",0.184037530794016,0.56693473136204,0.0338698127407584,-1.53974476371188,1.53974476371188,219,2934,1609,NA
"NC_071318.1_625000_875000.vcf",-0.412718684288843,0.182410872429059,0.170336712361113,-0.719621333904118,0.719621333904118,1011,787,763,NA
"NC_071318.1_6250000_6500000.vcf",0.241989391931205,0.448593598335409,0.0585588658072345,-1.79373641744242,1.79373641744242,140,1890,1404,NA
"NC_071318.1_6375000_6625000.vcf",-0.41543809155644,0.179257123184812,0.172588807916057,-0.978250214879087,0.978250214879087,681,731,672,NA
"NC_071318.1_6500000_6750000.vcf",-0.412968179440997,0.182120099119458,0.170542717230812,-0.537140017918935,0.537140017918935,1300,573,740,NA
"NC_071318.1_6625000_6875000.vcf",-0.269431356083363,0.397073830979693,0.07259325564092,-1.03136856891963,1.03136856891963,610,592,1306,NA
"NC_071318.1_6750000_7000000.vcf",0.276817196487691,0.383744143946791,0.076627760271305,-0.56552276846479,0.56552276846479,1252,585,1285,NA
"NC_071318.1_750000_1000000.vcf",0.405157478615826,0.191360257985458,0.164152582478333,0.378519503093233,0.378519503093233,1545,1582,848,NA
"NC_071318.1_875000_1125000.vcf",-0.400191633412262,0.197382610638804,0.160153343453175,0.860043573767942,0.860043573767942,827,2434,878,NA
"NC_071319.1_0_250000.vcf",0.445797443409755,0.146359609365248,0.198735360550674,-0.556340324907316,0.556340324907316,1268,1948,532,NA
"NC_071319.1_1000000_1250000.vcf",0.166485514263098,0.605058290552979,0.0277174264594483,-1.13093381136371,1.13093381136371,503,2215,1669,NA
"NC_071319.1_1125000_1375000.vcf",0.453168893288319,0.139004422143482,0.20536204584416,-0.949216955678154,0.949216955678154,712,901,504,NA
"NC_071319.1_125000_375000.vcf",0.417597479198954,0.176777246842947,0.174387654633321,-1.20674025453691,1.20674025453691,431,2630,659,NA
"NC_071319.1_1250000_1500000.vcf",-0.171635141272304,0.593773363064541,0.0294586217195637,-1.32075132613893,1.32075132613893,340,664,1653,NA
"NC_071319.1_1375000_1625000.vcf",0.0129228073620079,0.968204858943416,0.000166998950115567,-1.18553568128354,1.18553568128354,452,1010,2132,NA
"NC_071319.1_1500000_1750000.vcf",-0.421375421581216,0.172490468097104,0.177557245912748,-0.19552269950515,0.19552269950515,1837,1811,642,NA
"NC_071319.1_1625000_1875000.vcf",-0.430206293239063,0.162726813579065,0.185077454742495,0.419420800010522,0.419420800010522,1476,3024,600,NA
"NC_071319.1_1750000_2000000.vcf",0.440100515389908,0.152211926202296,0.193688463646463,0.370797973290007,0.370797973290007,1557,4065,553,NA
"NC_071319.1_1875000_2125000.vcf",-0.099267536300723,0.758890140186167,0.00985404376321535,0.434452925280719,0.434452925280719,1456,4906,1871,NA
"NC_071319.1_2000000_2250000.vcf",-0.143976868260044,0.655294058184591,0.0207293385939701,0.678262113439373,0.678262113439373,1077,5073,1732,NA
"NC_071319.1_2125000_2375000.vcf",-0.296568428866406,0.349255810058823,0.0879528330002888,0.541493118053764,0.541493118053764,1291,4698,1212,NA
"NC_071319.1_2250000_2500000.vcf",-0.0267478209403051,0.934238036019338,0.000715445925054626,-0.337955481261481,0.337955481261481,1605,4467,2076,NA
"NC_071319.1_2375000_2625000.vcf",-0.187733630767804,0.559032392904301,0.0352439161212621,-0.659905752347508,0.659905752347508,1111,3044,1596,NA
"NC_071319.1_250000_500000.vcf",0.362047418798788,0.247488208863956,0.131078333458865,-1.45986625425055,1.45986625425055,255,2988,1032,NA
"NC_071319.1_2500000_2750000.vcf",-0.191826908620255,0.550333816795616,0.0367975628708036,-0.591284341370699,0.591284341370699,1215,2460,1585,NA
"NC_071319.1_2625000_2875000.vcf",-0.131778793397807,0.683093128430672,0.0173656503893819,-0.535873663974047,0.535873663974047,1307,2889,1765,NA
"NC_071319.1_2750000_3000000.vcf",0.134342058303556,0.677220117490814,0.0180477886292361,-0.413886914704765,0.413886914704765,1488,2733,1758,NA
"NC_071319.1_2875000_3125000.vcf",-0.0635445784346677,0.844459637978802,0.00403791344843964,-0.247704489156672,0.247704489156672,1749,2870,1966,NA
"NC_071319.1_3000000_3250000.vcf",-0.313707656056318,0.320726336923335,0.098412493468349,-0.232643919177469,0.232643919177469,1780,2809,1164,NA
"NC_071319.1_3125000_3375000.vcf",0.382191029714996,0.220178842792437,0.146069983194609,-0.32698956386229,0.32698956386229,1629,2553,962,NA
"NC_071319.1_3250000_3500000.vcf",-0.20511025051275,0.522499747559202,0.0420702148654032,-0.469752770085689,0.469752770085689,1391,1915,1541,NA
"NC_071319.1_3375000_3625000.vcf",-0.228624198544525,0.474781839379814,0.0522690241601266,-0.966778302945595,0.966778302945595,694,1153,1462,NA
"NC_071319.1_3500000_3750000.vcf",-0.232759044546759,0.466605535648857,0.0541767728183204,-1.77447130196714,1.77447130196714,145,674,1435,NA
"NC_071319.1_3625000_3875000.vcf",-0.227656263027825,0.476705340161314,0.0518273740957942,-1.4389089324475,1.4389089324475,261,501,1464,NA
"NC_071319.1_375000_625000.vcf",-0.282947141157585,0.372858641997093,0.0800590846892505,-0.716783780901029,0.716783780901029,1017,3416,1264,NA
"NC_071319.1_3750000_4000000.vcf",-0.0660473338225619,0.838403312899736,0.00436225030506892,-0.619367070180175,0.619367070180175,1171,1195,1953,NA
"NC_071319.1_3875000_4125000.vcf",-0.157111058517427,0.625805170522155,0.0246838847084663,-0.23444694996237,0.23444694996237,1775,2422,1696,NA
"NC_071319.1_4000000_4250000.vcf",-0.411314315763754,0.18405297920226,0.169179466352205,-0.0260149227379795,0.0260149227379795,2123,2830,806,NA
"NC_071319.1_4125000_4375000.vcf",-0.366936647217832,0.240685081461711,0.134642503071464,0.298618143789518,0.298618143789518,1671,1957,1023,NA
"NC_071319.1_4250000_4500000.vcf",-0.440221518694813,0.152086093197787,0.193794985521967,0.745017649385517,0.745017649385517,972,1100,551,NA
"NC_071319.1_4375000_4625000.vcf",-0.477631762477244,0.116325589025449,0.228132100527118,0.304745781903982,0.304745781903982,1658,1349,371,NA
"NC_071319.1_4500000_4750000.vcf",-0.491335089947354,0.104758384657954,0.241410170613575,0.512238864917672,0.512238864917672,1341,1937,318,NA
"NC_071319.1_4625000_4875000.vcf",-0.493582660135913,0.102937387870056,0.243623842386844,0.725849703224052,0.725849703224052,998,1674,300,NA
"NC_071319.1_4750000_5000000.vcf",-0.477527980724706,0.11641626767786,0.228032972375015,0.299909076942081,0.299909076942081,1667,1975,373,NA
"NC_071319.1_4875000_5125000.vcf",-0.294503540438583,0.352781385916756,0.0867323353308601,-0.0173080557720905,0.0173080557720905,2141,3331,1219,NA
"NC_071319.1_500000_750000.vcf",0.0740776961853733,0.819026683074538,0.00548750507213246,-0.366569751325186,0.366569751325186,1562,4499,1937,NA
"NC_071319.1_5000000_5250000.vcf",0.376567110196523,0.227612113115631,0.141802788481761,-0.023453893513447,0.023453893513447,2128,3901,984,NA
"NC_071319.1_5125000_5375000.vcf",0.340283312131424,0.279125503589875,0.115792732515132,-0.182353419060695,0.182353419060695,1857,3652,1082,NA
"NC_071319.1_5250000_5500000.vcf",-0.226135847015172,0.479733964573929,0.0511374213052691,-0.559815033779777,0.559815033779777,1260,3149,1469,NA
"NC_071319.1_5375000_5625000.vcf",0.176063415867659,0.584134645758985,0.0309983264069884,-0.315360797523345,0.315360797523345,1645,2908,1635,NA
"NC_071319.1_5500000_5750000.vcf",0.159706540486711,0.620035249220378,0.0255061790742336,0.199859569398783,0.199859569398783,1832,2326,1688,NA
"NC_071319.1_5625000_5875000.vcf",-0.137240901591393,0.670598061888479,0.0188350650696184,0.273279308654168,0.273279308654168,1712,2744,1748,NA
"NC_071319.1_5750000_6000000.vcf",0.213310196946259,0.505628172007879,0.0455012401212516,0.0407310545790992,0.0407310545790992,2100,2945,1508,NA
"NC_071319.1_5875000_6125000.vcf",0.232123690376083,0.467857603138862,0.0538814076338115,-0.318209672601443,0.318209672601443,1642,2944,1439,NA
"NC_071319.1_6000000_6250000.vcf",0.252409236412628,0.428667829123631,0.063710422626406,-0.255715701208752,0.255715701208752,1736,2709,1366,NA
"NC_071319.1_625000_875000.vcf",0.116903421050936,0.717486216089871,0.0136664098534125,-1.11612736078246,1.11612736078246,518,5252,1816,NA
"NC_071319.1_750000_1000000.vcf",-0.0672297737690746,0.835544748244455,0.00451984248104095,-1.1940456279224,1.1940456279224,443,4696,1949,NA
"NC_071319.1_875000_1125000.vcf",0.065826308711188,0.838937844103583,0.00433310291854062,-0.979213516525217,0.979213516525217,679,3671,1954,NA
"NC_071320.1_0_250000.vcf",0.000464203341626112,0.998857624917186,2.15484742376849e-07,-1.03838229104463,1.03838229104463,602,816,2162,NA
"NC_071320.1_1000000_1250000.vcf",-0.525513558175719,0.0793160123478813,0.276164499826505,-0.247975458302772,0.247975458302772,1748,3499,236,NA
"NC_071320.1_1125000_1375000.vcf",-0.411296595776642,0.18407375741131,0.169164889697454,-0.466637857415613,0.466637857415613,1398,3834,807,NA
"NC_071320.1_125000_375000.vcf",-0.396287905281996,0.202197663100181,0.157044103872792,-1.73154229015991,1.73154229015991,158,884,896,NA
"NC_071320.1_1250000_1500000.vcf",-0.101968163108807,0.752509159633412,0.0103975062877842,-0.536327687953723,0.536327687953723,1304,3133,1852,NA
"NC_071320.1_1375000_1625000.vcf",-0.0553945992663239,0.864233567859054,0.00306856162787661,-0.665576268324751,0.665576268324751,1102,3075,1996,NA
"NC_071320.1_1500000_1750000.vcf",0.453428701596301,0.13874963741166,0.205597587431308,-0.10322695064037,0.10322695064037,1992,3147,502,NA
"NC_071320.1_1625000_1875000.vcf",0.456007622166538,0.136236947999722,0.20794295147398,0.111968000182763,0.111968000182763,1978,2896,489,NA
"NC_071320.1_1750000_2000000.vcf",-0.395443291421928,0.203248819854627,0.156375396730608,-0.829440740205424,0.829440740205424,875,3012,903,NA
"NC_071320.1_1875000_2125000.vcf",0.0653724870714245,0.84003557037941,0.00427356206590357,-1.17702955147365,1.17702955147365,459,3863,1956,NA
"NC_071320.1_2000000_2250000.vcf",0.105606673679386,0.743934669240603,0.0111527695256244,-1.06670709071692,1.06670709071692,573,4043,1841,NA
"NC_071320.1_2125000_2375000.vcf",0.0346696965737016,0.914816633820209,0.00120198786051253,-0.792928241140047,0.792928241140047,912,3853,2055,NA
"NC_071320.1_2250000_2500000.vcf",0.0403001444310354,0.901038312475085,0.00162410164116231,-0.887670282655679,0.887670282655679,791,4019,2035,NA
"NC_071320.1_2375000_2625000.vcf",0.0148014663980155,0.963585154480476,0.000219083407531582,-1.12014399629893,1.12014399629893,513,4241,2125,NA
"NC_071320.1_250000_500000.vcf",-0.0800805847315516,0.804602071992758,0.00641290005094721,-0.141273427265618,0.141273427265618,1930,1780,1914,NA
"NC_071320.1_2500000_2750000.vcf",0.1593382559242,0.620852782099281,0.0253886798009659,-0.981536858454877,0.981536858454877,672,3553,1689,NA
"NC_071320.1_2625000_2875000.vcf",0.188715747387631,0.556940202652242,0.035613633312072,-0.674744501170123,0.674744501170123,1085,2869,1589,NA
"NC_071320.1_2750000_3000000.vcf",-0.0559814551870046,0.862807184069919,0.0031339233248546,0.296597525448848,0.296597525448848,1676,3637,1991,NA
"NC_071320.1_2875000_3125000.vcf",-0.422791043762955,0.170901155620754,0.178752266686169,0.798477322283266,0.798477322283266,910,4548,632,NA
"NC_071320.1_3000000_3250000.vcf",0.351348210187358,0.262765363306557,0.12344556480186,0.355610740624134,0.355610740624134,1574,4358,1061,NA
"NC_071320.1_3125000_3375000.vcf",-0.202311742236343,0.528312717666859,0.0409300410467043,0.0421702661704497,0.0421702661704497,2097,3031,1552,NA
"NC_071320.1_3250000_3500000.vcf",0.222406835825473,0.487199189601902,0.0494648006218991,-0.447208468921459,0.447208468921459,1427,1557,1476,NA
"NC_071320.1_3375000_3625000.vcf",0.204692624695014,0.523365468388525,0.041899070604534,-1.21805941136548,1.21805941136548,423,808,1542,NA
"NC_071320.1_3500000_3750000.vcf",-0.2323754599358,0.467361263719494,0.0539983543803746,-1.76479707998604,1.76479707998604,149,640,1437,NA
"NC_071320.1_3625000_3875000.vcf",-0.231895694898168,0.468307285928226,0.0537756133123043,-1.79563255583709,1.79563255583709,139,723,1441,NA
"NC_071320.1_375000_625000.vcf",-0.214418744957778,0.503366000871612,0.0459753981892688,-0.145715545084644,0.145715545084644,1918,3015,1503,NA
"NC_071320.1_3750000_4000000.vcf",-0.242589178216499,0.447434816302063,0.0588495093877565,-1.04878594214957,1.04878594214957,590,1148,1402,NA
"NC_071320.1_3875000_4125000.vcf",-0.467154736905509,0.125716117455867,0.218233548213255,-0.531037109915501,0.531037109915501,1315,1710,424,NA
"NC_071320.1_4000000_4250000.vcf",0.478674168901936,0.115417374973,0.229128959973959,-0.053184813716387,0.053184813716387,2080,2362,365,NA
"NC_071320.1_4125000_4375000.vcf",-0.372759136842591,0.232729352405319,0.138949374099633,-0.0839424287178651,0.0839424287178651,2027,3625,993,NA
"NC_071320.1_4250000_4500000.vcf",-0.154766792949382,0.631033244728353,0.0239527601998368,-0.71900092513048,0.71900092513048,1013,3673,1701,NA
"NC_071320.1_4375000_4625000.vcf",-0.272994760943038,0.390613713374927,0.0745261395023465,-0.787942793297859,0.787942793297859,923,3567,1294,NA
"NC_071320.1_4500000_4750000.vcf",-0.304097011232118,0.336561930960633,0.0924749922403072,-0.722243586602041,0.722243586602041,1004,3690,1184,NA
"NC_071320.1_4625000_4875000.vcf",-0.293892511694944,0.353828265201014,0.0863728084303627,-0.990486454793227,0.990486454793227,662,2878,1224,NA
"NC_071320.1_4750000_5000000.vcf",0.280836408162992,0.376588554067868,0.0788690881498908,-0.727928396178849,0.727928396178849,995,3106,1273,NA
"NC_071320.1_4875000_5125000.vcf",0.158643825760207,0.622395377049063,0.0251678634518348,0.0220036691379498,0.0220036691379498,2133,3284,1693,NA
"NC_071320.1_500000_750000.vcf",0.203204770496333,0.526454745492244,0.0412921787524675,-1.03210157576333,1.03210157576333,609,3322,1548,NA
"NC_071320.1_5000000_5250000.vcf",-0.255403518948183,0.423023318388132,0.0652309574911149,0.893940766547322,0.893940766547322,784,2815,1355,NA
"NC_071320.1_625000_875000.vcf",0.270578804358892,0.394987732641882,0.0732128893682878,-1.3617578581991,1.3617578581991,314,3331,1302,NA
"NC_071320.1_750000_1000000.vcf",-0.605906181892561,0.0367779414607245,0.367122301255621,-0.19137036094806,0.19137036094806,1840,3462,103,NA
"NC_071320.1_875000_1125000.vcf",0.650207526978279,0.0220729956074895,0.422769828139209,0.572072479651588,0.572072479651588,1240,3005,66,NA
"NC_071321.1_0_250000.vcf",0.101610322299014,0.753353850024829,0.0103246575977095,-0.458639908575021,0.458639908575021,1411,2327,1853,NA
"NC_071321.1_1000000_1250000.vcf",-0.417299210464927,0.177118498717618,0.174138631054651,-0.62046412423023,0.62046412423023,1170,742,662,NA
"NC_071321.1_1125000_1375000.vcf",-0.413405408613013,0.181611228332825,0.170904031870492,-1.05919429671181,1.05919429671181,578,805,709,NA
"NC_071321.1_125000_375000.vcf",-0.134418397901077,0.677045457387232,0.0180683056942922,-0.286932365003927,0.286932365003927,1693,2835,1757,NA
"NC_071321.1_1250000_1500000.vcf",-0.413299254809166,0.181734694310549,0.170816274025812,-1.01938443490131,1.01938443490131,619,859,718,NA
"NC_071321.1_1375000_1625000.vcf",-0.413322433145283,0.181707731457193,0.170835433741137,-0.537913362464916,0.537913362464916,1297,848,716,NA
"NC_071321.1_1500000_1750000.vcf",-0.413250463173621,0.181791460701747,0.170775945313213,-0.887596107590712,0.887596107590712,792,856,720,NA
"NC_071321.1_1625000_1875000.vcf",-0.412375309154167,0.1828115301993,0.170053395599995,-1.08519567158356,1.08519567158356,555,807,784,NA
"NC_071321.1_1750000_2000000.vcf",-0.412641489304062,0.182500897581934,0.170272998695075,-0.799798922755133,0.799798922755133,909,708,767,NA
"NC_071321.1_1875000_2125000.vcf",-0.413147069010451,0.181911790635883,0.170690500631927,-0.406808970655613,0.406808970655613,1499,729,726,NA
"NC_071321.1_2000000_2250000.vcf",-0.413231192115552,0.18181388456288,0.17076001813724,-0.256151801428857,0.256151801428857,1735,703,722,NA
"NC_071321.1_2125000_2375000.vcf",-0.412615591108458,0.18253110637387,0.170251626025782,-0.336630320140483,0.336630320140483,1609,646,771,NA
"NC_071321.1_2250000_2500000.vcf",-0.412198872115995,0.183017613699825,0.169907910173699,-0.524072046994344,0.524072046994344,1330,653,788,NA
"NC_071321.1_2375000_2625000.vcf",-0.412852976666845,0.182254325923582,0.170447580342674,-0.628922044499232,0.628922044499232,1162,717,753,NA
"NC_071321.1_250000_500000.vcf",0.296397745630074,0.349546518099385,0.0878516236145903,-0.648935626909432,0.648935626909432,1130,2371,1214,NA
"NC_071321.1_2500000_2750000.vcf",-0.413225904737096,0.181820037273541,0.170755648345791,-0.334521915699245,0.334521915699245,1613,616,724,NA
"NC_071321.1_2625000_2875000.vcf",-0.414043696718343,0.180869946457082,0.171432182792191,-1.06733489323368,1.06733489323368,571,569,691,NA
"NC_071321.1_2750000_3000000.vcf",-0.413804483550459,0.181147537549912,0.171234150606462,-1.04801224258217,1.04801224258217,593,696,695,NA
"NC_071321.1_2875000_3125000.vcf",-0.413780431704357,0.181175462811496,0.171214245661444,-0.87962796825515,0.87962796825515,805,728,696,NA
"NC_071321.1_3000000_3250000.vcf",-0.413373313313386,0.181648552405929,0.170877496159687,-1.07286093751086,1.07286093751086,564,1056,711,NA
"NC_071321.1_3125000_3375000.vcf",-0.38914723754038,0.211189642674624,0.151435572485309,-0.130610012291155,0.130610012291155,1947,2083,936,NA
"NC_071321.1_3250000_3500000.vcf",0.228979037929267,0.474077594131,0.0524313998110126,-0.392667369540951,0.392667369540951,1523,2666,1460,NA
"NC_071321.1_3375000_3625000.vcf",0.237225287767009,0.457848415458313,0.0562758371561402,-0.602103478583345,0.602103478583345,1192,3213,1426,NA
"NC_071321.1_3500000_3750000.vcf",0.0199315126087968,0.950975765155033,0.000397265194874627,-0.273052324574916,0.273052324574916,1714,3888,2105,NA
"NC_071321.1_3625000_3875000.vcf",-0.103256115550973,0.749470989964994,0.0106618253986759,0.0581134554424717,0.0581134554424717,2070,3764,1849,NA
"NC_071321.1_375000_625000.vcf",0.104353578092221,0.746884744897624,0.0108896692606493,-1.29129137936243,1.29129137936243,367,2466,1846,NA
"NC_071321.1_3750000_4000000.vcf",-0.1284204589875,0.69081225263862,0.0164918142865602,-0.137421854968676,0.137421854968676,1934,3236,1780,NA
"NC_071321.1_3875000_4125000.vcf",-0.105028930076659,0.745294420679069,0.0110310761530477,-0.57212120092213,0.57212120092213,1239,1918,1842,NA
"NC_071321.1_4000000_4250000.vcf",-0.525291515130753,0.0794661111681458,0.275931175868363,-0.0271052584864159,0.0271052584864159,2121,1942,237,NA
"NC_071321.1_4125000_4375000.vcf",0.0205924498005703,0.949351909691946,0.000424048988789008,0.0525495651060334,0.0525495651060334,2081,2977,2100,NA
"NC_071321.1_4250000_4500000.vcf",0.580972323928403,0.0475934740320731,0.337528841170769,0.750877412168203,0.750877412168203,967,3027,139,NA
"NC_071321.1_4375000_4625000.vcf",-0.555004288009115,0.0610570528616104,0.308029759708504,1.42489238226582,1.42489238226582,269,2456,190,NA
"NC_071321.1_4500000_4750000.vcf",-0.500365218794128,0.0975705113451041,0.250365352178896,1.15877133311184,1.15877133311184,477,2672,280,NA
"NC_071321.1_500000_750000.vcf",0.0376337182488078,0.907560441025598,0.00141629674923065,-1.2781217263731,1.2781217263731,376,2934,2044,NA
"NC_071321.1_625000_875000.vcf",0.208386515552971,0.515729739435002,0.0434249398643086,-0.929713859177809,0.929713859177809,737,3015,1523,NA
"NC_071321.1_750000_1000000.vcf",0.384770678102692,0.216818837018417,0.148048474727605,-0.762569568396906,0.762569568396906,953,2454,952,NA
"NC_071321.1_875000_1125000.vcf",-0.394680559348919,0.20420093665097,0.155772743927976,-0.883576138099857,0.883576138099857,800,1098,909,NA
"NC_071322.1_0_250000.vcf",-0.474401823618381,0.119169598469435,0.225057090252445,0.0397559686675755,0.0397559686675755,2102,1736,394,NA
"NC_071322.1_1000000_1250000.vcf",0.140795945954278,0.662506313082347,0.0198234983971601,0.0979099925744733,0.0979099925744733,2000,4134,1743,NA
"NC_071322.1_1125000_1375000.vcf",0.115040721761201,0.72182851896459,0.0132343676633382,0.0944653934406451,0.0944653934406451,2008,3323,1821,NA
"NC_071322.1_125000_375000.vcf",-0.456063531337308,0.136182803596862,0.207993944615856,0.024215384273718,0.024215384273718,2125,1675,488,NA
"NC_071322.1_1250000_1500000.vcf",0.00307789546361442,0.992425587307235,9.47344048493825e-06,0.924168229537023,0.924168229537023,743,2835,2156,NA
"NC_071322.1_1375000_1625000.vcf",-0.147521073248679,0.647289861594273,0.0217624670524422,1.46312032922502,1.46312032922502,252,3321,1720,NA
"NC_071322.1_1500000_1750000.vcf",-0.263632618484293,0.407701072980737,0.069502157528885,1.29269687503518,1.29269687503518,366,3775,1333,NA
"NC_071322.1_1625000_1875000.vcf",-0.117224107974309,0.716739404514427,0.0137414914903724,0.288949705620696,0.288949705620696,1690,3245,1813,NA
"NC_071322.1_1750000_2000000.vcf",-0.226583762294534,0.478840815042186,0.0513402013355459,0.568113906731204,0.568113906731204,1244,2809,1468,NA
"NC_071322.1_1875000_2125000.vcf",-0.52624078376144,0.078825769076637,0.276929362493854,1.45179586593826,1.45179586593826,259,2767,234,NA
"NC_071322.1_2000000_2250000.vcf",0.538303086872973,0.0709934884058791,0.289770213336972,1.37517443562988,1.37517443562988,306,2064,221,NA
"NC_071322.1_2125000_2375000.vcf",0.473226470036434,0.120215755465131,0.223943291943144,0.862177915543082,0.862177915543082,824,2300,399,NA
"NC_071322.1_2250000_2500000.vcf",0.559322501072517,0.0586542280614722,0.312841660206016,1.20661741169769,1.20661741169769,432,3114,181,NA
"NC_071322.1_2375000_2625000.vcf",0.565424433315239,0.0553722478396566,0.319704789789859,1.12491214420591,1.12491214420591,507,3566,165,NA
"NC_071322.1_250000_500000.vcf",-0.316471925580087,0.316248825131163,0.100154479680368,-0.618144883562172,0.618144883562172,1173,1407,1156,NA
"NC_071322.1_2500000_2750000.vcf",0.54896751750767,0.0645294982033592,0.301365335278534,1.69677058947886,1.69677058947886,176,4475,201,NA
"NC_071322.1_2625000_2875000.vcf",0.621327138539603,0.0310416426387315,0.386047413085811,1.51208967426109,1.51208967426109,225,4240,89,NA
"NC_071322.1_2750000_3000000.vcf",0.755786568565744,0.00446319013354613,0.571213337224382,1.13422518494991,1.13422518494991,501,3671,19,NA
"NC_071322.1_2875000_3125000.vcf",0.385045210378229,0.216463092602055,0.148259814035214,0.530957566308629,0.530957566308629,1317,3741,951,NA
"NC_071322.1_3000000_3250000.vcf",-0.239195635018782,0.454009921431808,0.0572145518120385,0.324430577651579,0.324430577651579,1633,4123,1415,NA
"NC_071322.1_3125000_3375000.vcf",0.257632588918181,0.418845202508983,0.0663745508726846,0.494988005289668,0.494988005289668,1364,4447,1352,NA
"NC_071322.1_3250000_3500000.vcf",-0.45638677877285,0.135870032760373,0.208288891838659,0.283993265205726,0.283993265205726,1698,4278,486,NA
"NC_071322.1_3375000_3625000.vcf",0.23794015571946,0.456453993441451,0.0566155177038008,-0.0134091456483924,0.0134091456483924,2145,3768,1421,NA
"NC_071322.1_3500000_3750000.vcf",0.495394131483208,0.10148518479483,0.245415345508002,-0.390459175284302,0.390459175284302,1528,3471,293,NA
"NC_071322.1_3625000_3875000.vcf",0.566618092382996,0.0547455677955935,0.321056062615746,-0.772647630066564,0.772647630066564,940,3324,164,NA
"NC_071322.1_375000_625000.vcf",0.277233133152906,0.383000408772267,0.0768582101177767,-0.375098995110578,0.375098995110578,1550,2394,1284,NA
"NC_071322.1_3750000_4000000.vcf",0.504626368284192,0.0942965688061932,0.254647771567693,-0.687706799718782,0.687706799718782,1062,3369,271,NA
"NC_071322.1_3875000_4125000.vcf",0.379903101305986,0.223184970696131,0.144326366381906,-0.212110491990584,0.212110491990584,1815,2697,974,NA
"NC_071322.1_4000000_4250000.vcf",-0.487731451057458,0.107722633444884,0.237881968350614,0.410594240959121,0.410594240959121,1492,2633,334,NA
"NC_071322.1_4125000_4375000.vcf",0.471746086022506,0.121541974744127,0.222544369677554,0.722674026431727,0.722674026431727,1002,3754,410,NA
"NC_071322.1_4250000_4500000.vcf",-0.00327081113384783,0.991950853041066,1.06982054733029e-05,0.537574468432702,0.537574468432702,1298,3523,2155,NA
"NC_071322.1_4375000_4625000.vcf",-0.103829382318359,0.748119750599846,0.010780540632612,-0.0133713312956721,0.0133713312956721,2146,2796,1848,NA
"NC_071322.1_500000_750000.vcf",0.199127265344963,0.534960865440263,0.0396516678037635,0.101900955044819,0.101900955044819,1995,3616,1564,NA
"NC_071322.1_625000_875000.vcf",0.24416291934005,0.444401176809849,0.0596155311806556,0.302003339755037,0.302003339755037,1665,3933,1399,NA
"NC_071322.1_750000_1000000.vcf",-0.381736466372235,0.220774144870113,0.145722729758361,0.230627450141756,0.230627450141756,1783,3198,967,NA
"NC_071322.1_875000_1125000.vcf",0.0589416363150534,0.855618121440999,0.00347411649149603,0.467113043001872,0.467113043001872,1397,3395,1978,NA
"NC_071323.1_0_250000.vcf",0.572109354321995,0.0519263945840982,0.32730911330273,-2.13678326927388,2.13678326927388,75,1276,155,NA
"NC_071323.1_1000000_1250000.vcf",-0.635392399339582,0.0263977879970437,0.403723501138511,1.18693784281854,1.18693784281854,451,2848,77,NA
"NC_071323.1_1125000_1375000.vcf",-0.521151250931704,0.0823004524323749,0.27159862634768,0.824654850785924,0.824654850785924,878,2256,245,NA
"NC_071323.1_125000_375000.vcf",0.155768184034846,0.628798071319294,0.0242637271575137,-0.978873790930125,0.978873790930125,680,666,1700,NA
"NC_071323.1_1250000_1500000.vcf",-0.454985967229588,0.137228811038895,0.207012230375844,0.600636051088734,0.600636051088734,1197,2008,496,NA
"NC_071323.1_1375000_1625000.vcf",0.430641898054607,0.162254468961195,0.185452444360074,0.409919451879899,0.409919451879899,1494,2864,598,NA
"NC_071323.1_1500000_1750000.vcf",0.459986639680044,0.132418286408101,0.211587708684139,0.399354905691865,0.399354905691865,1507,2628,469,NA
"NC_071323.1_1625000_1875000.vcf",0.522430966029403,0.0814171589216083,0.272934114266416,0.162787731777998,0.162787731777998,1881,2733,241,NA
"NC_071323.1_1750000_2000000.vcf",-0.0102088508423848,0.974880146963772,0.000104220635522061,-0.140773331645844,0.140773331645844,1932,3386,2142,NA
"NC_071323.1_1875000_2125000.vcf",0.18662252042075,0.561403235597533,0.0348279651281933,-0.435750435157501,0.435750435157501,1450,3340,1602,NA
"NC_071323.1_2000000_2250000.vcf",0.178900042156782,0.577992775149819,0.0320052250836985,-0.651228620772151,0.651228620772151,1125,3372,1622,NA
"NC_071323.1_2125000_2375000.vcf",0.126515663430226,0.695202518266426,0.0160062130931903,-0.800646486380161,0.800646486380161,907,2628,1784,NA
"NC_071323.1_2250000_2500000.vcf",0.124718770116819,0.699351979838624,0.015554771619452,-1.14230534595534,1.14230534595534,490,1091,1792,NA
"NC_071323.1_2375000_2625000.vcf",-0.290396858267293,0.359849016291159,0.0843303352915145,-0.430997742074352,0.430997742074352,1459,309,1236,NA
"NC_071323.1_250000_500000.vcf",-0.411399794257366,0.183952768798587,0.169249790715003,-1.03571753254158,1.03571753254158,604,751,804,NA
"NC_071323.1_2500000_2750000.vcf",-0.507163257434057,0.0923829315872931,0.257214569691124,-0.500075609961223,0.500075609961223,1358,1122,265,NA
"NC_071323.1_2625000_2875000.vcf",-0.438292128410071,0.154100420967285,0.19209998982623,-1.28852274004688,1.28852274004688,369,1811,563,NA
"NC_071323.1_2750000_3000000.vcf",-0.205894082548999,0.52087656870815,0.0423923732286939,-1.19324900499969,1.19324900499969,444,2327,1539,NA
"NC_071323.1_2875000_3125000.vcf",-0.0636925715570137,0.844101296627578,0.00405674367154532,-0.94274259832858,0.94274259832858,722,2775,1965,NA
"NC_071323.1_3000000_3250000.vcf",0.297922437190519,0.346954235200434,0.0887577785815389,-1.16401576928285,1.16401576928285,468,2215,1208,NA
"NC_071323.1_3125000_3375000.vcf",-0.39456104170863,0.204350376743134,0.1556784156342,-0.933031027292304,0.933031027292304,732,2631,911,NA
"NC_071323.1_3250000_3500000.vcf",-0.283126269647037,0.372542989479073,0.0801604845642468,-0.723502039600534,0.723502039600534,1000,4040,1263,NA
"NC_071323.1_3375000_3625000.vcf",-0.336276079073227,0.285190492272366,0.113081601356863,-0.453326475658761,0.453326475658761,1420,2663,1097,NA
"NC_071323.1_3500000_3750000.vcf",0.32337374458149,0.305221030654851,0.104570578684655,-1.18905429028195,1.18905429028195,449,2036,1135,NA
"NC_071323.1_3625000_3875000.vcf",0.216195613376124,0.499749417478681,0.0467405432430786,-0.791914559810019,0.791914559810019,913,3285,1495,NA
"NC_071323.1_375000_625000.vcf",-0.411616849908367,0.1836984568544,0.169428431128487,-1.34556724316989,1.34556724316989,322,804,802,NA
"NC_071323.1_500000_750000.vcf",-0.607109006001648,0.0363052474639546,0.368581345168309,0.97182894131396,0.97182894131396,689,1727,101,NA
"NC_071323.1_625000_875000.vcf",-0.566965646749395,0.0545640350346629,0.321450044593959,1.09242544464234,1.09242544464234,547,3043,163,NA
"NC_071323.1_750000_1000000.vcf",-0.588132525373725,0.0442841367923481,0.345899867402475,0.706218760176629,0.706218760176629,1034,2889,127,NA
"NC_071323.1_875000_1125000.vcf",-0.58784633319804,0.0444131939936176,0.345563311454381,0.842084718515323,0.842084718515323,855,2695,128,NA
